suspect_cik,org_name,n_records,resolved_cik,grade,still_maps_to_suspect,evidence
713676,Ametros Financial Corporation,1,,EXCLUDED-UNRESOLVED,False,"No EDGAR exact match, no reasoning-pass entry (FISC precedent: exclude unless Gate 1 overturns)"
713676,"API Financial Solutions, Inc.",1,,EXCLUDED-UNRESOLVED,False,"No EDGAR exact match, no reasoning-pass entry (FISC precedent: exclude unless Gate 1 overturns)"
713676,Centerstone Insurance and Financial Services,1,,EXCLUDED-UNRESOLVED,False,"No EDGAR exact match, no reasoning-pass entry (FISC precedent: exclude unless Gate 1 overturns)"
713676,"Corebridge Financial, Inc.",1,1889539.0,VERIFIED,False,"EDGAR name: COREBRIDGE FINANCIAL, INC."
713676,"CSI Financial Services, LLC",1,,EXCLUDED-UNRESOLVED,False,"No EDGAR exact match, no reasoning-pass entry (FISC precedent: exclude unless Gate 1 overturns)"
713676,"Financial Business and Consumer Solutions, Inc.",15,,EXCLUDED-UNRESOLVED,False,"No EDGAR exact match, no reasoning-pass entry (FISC precedent: exclude unless Gate 1 overturns)"
713676,Financial Institution Service Corporation,9,,EXCLUDED-UNRESOLVED,False,"No EDGAR exact match, no reasoning-pass entry (FISC precedent: exclude unless Gate 1 overturns)"
713676,"Financial Risk Mitigation, Inc.",2,,EXCLUDED-UNRESOLVED,False,"No EDGAR exact match, no reasoning-pass entry (FISC precedent: exclude unless Gate 1 overturns)"
713676,First American Financial Corporation,2,,AMBIGUOUS,False,"Candidates: 36047 (CORELOGIC, INC.) | 1472787 (FIRST AMERICAN FINANCIAL CORP, FAF) || legacy ticker:"
713676,"Freedom Financial Network, LLC",1,,EXCLUDED-UNRESOLVED,False,"No EDGAR exact match, no reasoning-pass entry (FISC precedent: exclude unless Gate 1 overturns)"
713676,Huntington Hospitality Financial Services Corp,1,,EXCLUDED-UNRESOLVED,False,"No EDGAR exact match, no reasoning-pass entry (FISC precedent: exclude unless Gate 1 overturns)"
713676,"IMA Financial Group, Inc.",3,1673769.0,VERIFIED,False,"EDGAR name: IMA FINANCIAL GROUP, INC."
713676,InterActive Financial Marketing Group,1,,EXCLUDED-UNRESOLVED,False,"No EDGAR exact match, no reasoning-pass entry (FISC precedent: exclude unless Gate 1 overturns)"
713676,LCS Financial Services,2,,EXCLUDED-UNRESOLVED,False,"No EDGAR exact match, no reasoning-pass entry (FISC precedent: exclude unless Gate 1 overturns)"
713676,LPL Financial LLC,1,,AMBIGUOUS,False,Candidates: 80386 (LINSCO PRIVATE LEDGER CORP              ) | 1403438 (LINSCO/PRIVATE LEDGER CORP.)
713676,"NCO Financial Systems, Inc.",1,1396897.0,VERIFIED,False,"EDGAR name: NCO FINANCIAL SYSTEMS, INC."
713676,"On Q Financial, LLC",1,,EXCLUDED-UNRESOLVED,False,"No EDGAR exact match, no reasoning-pass entry (FISC precedent: exclude unless Gate 1 overturns)"
713676,"oneZero Financial Systems, LLC",1,,EXCLUDED-UNRESOLVED,False,"No EDGAR exact match, no reasoning-pass entry (FISC precedent: exclude unless Gate 1 overturns)"
713676,PNC,1,,EXCLUDED-UNRESOLVED,False,"No EDGAR exact match, no reasoning-pass entry (FISC precedent: exclude unless Gate 1 overturns)"
713676,"S&G Financial, LLC",1,,EXCLUDED-UNRESOLVED,False,"No EDGAR exact match, no reasoning-pass entry (FISC precedent: exclude unless Gate 1 overturns)"
713676,"TDC Financial, Inc.",1,,EXCLUDED-UNRESOLVED,False,"No EDGAR exact match, no reasoning-pass entry (FISC precedent: exclude unless Gate 1 overturns)"
713676,WERCS d/b/a Wyoming Financial Group,1,,EXCLUDED-UNRESOLVED,False,"No EDGAR exact match, no reasoning-pass entry (FISC precedent: exclude unless Gate 1 overturns)"
713676,"Western Union Financial Services, Inc.",1,,EXCLUDED-UNRESOLVED,False,"No EDGAR exact match, no reasoning-pass entry (FISC precedent: exclude unless Gate 1 overturns)"
927628,Aladdin Capital,1,,AMBIGUOUS,False,Candidates: 1059126 (ALADDIN CAPITAL CORP) | 1102487 (ALADDIN CAPITAL LLC) || legacy ticker: COF
927628,Arx Capital LLC,1,,EXCLUDED-UNRESOLVED,False,"No EDGAR exact match, no reasoning-pass entry (FISC precedent: exclude unless Gate 1 overturns)"
927628,B Capital Group,1,,EXCLUDED-UNRESOLVED,False,"No EDGAR exact match, no reasoning-pass entry (FISC precedent: exclude unless Gate 1 overturns)"
927628,"Capital Asset Management Group, Inc.",1,,EXCLUDED-UNRESOLVED,False,"No EDGAR exact match, no reasoning-pass entry (FISC precedent: exclude unless Gate 1 overturns)"
927628,"Capital Brands Distribution, LLC",1,,EXCLUDED-UNRESOLVED,False,"No EDGAR exact match, no reasoning-pass entry (FISC precedent: exclude unless Gate 1 overturns)"
927628,Capital Integration Systems LLC,1,1497060.0,VERIFIED,False,EDGAR name: CAPITAL INTEGRATION SYSTEMS LLC
927628,Capital Lumber Company,2,,EXCLUDED-UNRESOLVED,False,"No EDGAR exact match, no reasoning-pass entry (FISC precedent: exclude unless Gate 1 overturns)"
927628,"Eagle Capital Management, LLC",1,,AMBIGUOUS,False,"Candidates: 945631 (EAGLE CAPITAL MANAGEMENT LLC) | 1600746 (EAGLE CAPITAL MANAGEMENT, LLC) || legac"
927628,"Georgetown Capital Group, Inc.",1,,EXCLUDED-UNRESOLVED,False,"No EDGAR exact match, no reasoning-pass entry (FISC precedent: exclude unless Gate 1 overturns)"
927628,"Grand River Capital, LLC",1,,EXCLUDED-UNRESOLVED,False,"No EDGAR exact match, no reasoning-pass entry (FISC precedent: exclude unless Gate 1 overturns)"
927628,"Livingston Street Capital, LLC",1,,EXCLUDED-UNRESOLVED,False,"No EDGAR exact match, no reasoning-pass entry (FISC precedent: exclude unless Gate 1 overturns)"
927628,"Pendrick Capital Partner Holdings, LLC",2,,EXCLUDED-UNRESOLVED,False,"No EDGAR exact match, no reasoning-pass entry (FISC precedent: exclude unless Gate 1 overturns)"
927628,"US Claims Capital, LLC",1,,EXCLUDED-UNRESOLVED,False,"No EDGAR exact match, no reasoning-pass entry (FISC precedent: exclude unless Gate 1 overturns)"
927628,Vance Street Capital,1,,EXCLUDED-UNRESOLVED,False,"No EDGAR exact match, no reasoning-pass entry (FISC precedent: exclude unless Gate 1 overturns)"
1324404,ABM Industries Incorporated,4,771497.0,VERIFIED,False,EDGAR name: ABM INDUSTRIES INC
1324404,"AGE Industries, Ltd.",1,,EXCLUDED-UNRESOLVED,False,"No EDGAR exact match, no reasoning-pass entry (FISC precedent: exclude unless Gate 1 overturns)"
1324404,"Allied-Locke Industries, Inc.",2,,EXCLUDED-UNRESOLVED,False,"No EDGAR exact match, no reasoning-pass entry (FISC precedent: exclude unless Gate 1 overturns)"
1324404,Amadas Industries,1,,EXCLUDED-UNRESOLVED,False,"No EDGAR exact match, no reasoning-pass entry (FISC precedent: exclude unless Gate 1 overturns)"
1324404,BBB Industries LLC,1,,EXCLUDED-UNRESOLVED,False,"No EDGAR exact match, no reasoning-pass entry (FISC precedent: exclude unless Gate 1 overturns)"
1324404,"BBC Industries, Inc.",1,,EXCLUDED-UNRESOLVED,False,"No EDGAR exact match, no reasoning-pass entry (FISC precedent: exclude unless Gate 1 overturns)"
1324404,"Bonland Industries, Inc.",1,,EXCLUDED-UNRESOLVED,False,"No EDGAR exact match, no reasoning-pass entry (FISC precedent: exclude unless Gate 1 overturns)"
1324404,"CBD Industries, LLC",1,,EXCLUDED-UNRESOLVED,False,"No EDGAR exact match, no reasoning-pass entry (FISC precedent: exclude unless Gate 1 overturns)"
1324404,"Chart Industries, Inc.",1,892553.0,VERIFIED,False,EDGAR name: CHART INDUSTRIES INC
1324404,"Defender Industries, Inc.",1,,EXCLUDED-UNRESOLVED,False,"No EDGAR exact match, no reasoning-pass entry (FISC precedent: exclude unless Gate 1 overturns)"
1324404,"Derby Industries, LLC",2,,EXCLUDED-UNRESOLVED,False,"No EDGAR exact match, no reasoning-pass entry (FISC precedent: exclude unless Gate 1 overturns)"
1324404,"Dulany Industries, Inc.",1,,EXCLUDED-UNRESOLVED,False,"No EDGAR exact match, no reasoning-pass entry (FISC precedent: exclude unless Gate 1 overturns)"
1324404,"EBSCO Industries, Inc.",2,,EXCLUDED-UNRESOLVED,False,"No EDGAR exact match, no reasoning-pass entry (FISC precedent: exclude unless Gate 1 overturns)"
1324404,Ensinger Industries Inc.,1,,EXCLUDED-UNRESOLVED,False,"No EDGAR exact match, no reasoning-pass entry (FISC precedent: exclude unless Gate 1 overturns)"
1324404,"Ensinger Industries, Inc.",2,,EXCLUDED-UNRESOLVED,False,"No EDGAR exact match, no reasoning-pass entry (FISC precedent: exclude unless Gate 1 overturns)"
1324404,Evening Post Industries,1,,EXCLUDED-UNRESOLVED,False,"No EDGAR exact match, no reasoning-pass entry (FISC precedent: exclude unless Gate 1 overturns)"
1324404,"HTI Technology & Industries, Inc.",1,,EXCLUDED-UNRESOLVED,False,"No EDGAR exact match, no reasoning-pass entry (FISC precedent: exclude unless Gate 1 overturns)"
1324404,Huntwood Industries,2,,EXCLUDED-UNRESOLVED,False,"No EDGAR exact match, no reasoning-pass entry (FISC precedent: exclude unless Gate 1 overturns)"
1324404,"Indian Industries, Inc. d/b/a RAVE Sports",1,,EXCLUDED-UNRESOLVED,False,"No EDGAR exact match, no reasoning-pass entry (FISC precedent: exclude unless Gate 1 overturns)"
1324404,"Jet Industries, Inc.",2,,EXCLUDED-UNRESOLVED,False,"No EDGAR exact match, no reasoning-pass entry (FISC precedent: exclude unless Gate 1 overturns)"
1324404,"King Industries, Inc.",1,,EXCLUDED-UNRESOLVED,False,"No EDGAR exact match, no reasoning-pass entry (FISC precedent: exclude unless Gate 1 overturns)"
1324404,Lavelle Industries Inc.,1,,EXCLUDED-UNRESOLVED,False,"No EDGAR exact match, no reasoning-pass entry (FISC precedent: exclude unless Gate 1 overturns)"
1324404,"LC Industries, Inc.",1,,EXCLUDED-UNRESOLVED,False,"No EDGAR exact match, no reasoning-pass entry (FISC precedent: exclude unless Gate 1 overturns)"
1324404,"Mark Dunning Industries, Inc.",2,,EXCLUDED-UNRESOLVED,False,"No EDGAR exact match, no reasoning-pass entry (FISC precedent: exclude unless Gate 1 overturns)"
1324404,"MW Industries, Inc.",1,,EXCLUDED-UNRESOLVED,False,"No EDGAR exact match, no reasoning-pass entry (FISC precedent: exclude unless Gate 1 overturns)"
1324404,"National Presto Industries, Inc.",1,80172.0,VERIFIED,False,EDGAR name: NATIONAL PRESTO INDUSTRIES INC
1324404,NSi Industries LLC,1,,EXCLUDED-UNRESOLVED,False,"No EDGAR exact match, no reasoning-pass entry (FISC precedent: exclude unless Gate 1 overturns)"
1324404,Polaris Industries Inc.,1,,EXCLUDED-UNRESOLVED,False,"No EDGAR exact match, no reasoning-pass entry (FISC precedent: exclude unless Gate 1 overturns)"
1324404,"Rochester Industries Placement, Inc.",2,,EXCLUDED-UNRESOLVED,False,"No EDGAR exact match, no reasoning-pass entry (FISC precedent: exclude unless Gate 1 overturns)"
1324404,Sierra Pacific Industries,2,90143.0,VERIFIED,False,EDGAR name: SIERRA PACIFIC INDUSTRIES
1324404,"SP Industries, Inc.",1,,EXCLUDED-UNRESOLVED,False,"No EDGAR exact match, no reasoning-pass entry (FISC precedent: exclude unless Gate 1 overturns)"
1324404,"T.R.A. Industries, Inc.",1,,EXCLUDED-UNRESOLVED,False,"No EDGAR exact match, no reasoning-pass entry (FISC precedent: exclude unless Gate 1 overturns)"
1324404,"Tedder Industries, LLC",1,,EXCLUDED-UNRESOLVED,False,"No EDGAR exact match, no reasoning-pass entry (FISC precedent: exclude unless Gate 1 overturns)"
1324404,Vulcan Industries,1,1260451.0,VERIFIED,False,EDGAR name: VULCAN INDUSTRIES INC
1324404,"Warn Industries, Inc.",1,1984463.0,VERIFIED,False,"EDGAR name: WARN INDUSTRIES, INC."
1324404,"Worthen Industries, Inc.",3,,EXCLUDED-UNRESOLVED,False,"No EDGAR exact match, no reasoning-pass entry (FISC precedent: exclude unless Gate 1 overturns)"
19617,Evening Telegram Company d/b/a Morgan Murphy Media,1,,EXCLUDED-UNRESOLVED,False,"No EDGAR exact match, no reasoning-pass entry (FISC precedent: exclude unless Gate 1 overturns)"
19617,"Harrison, Mauro & Morgan, P.A.",1,,EXCLUDED-UNRESOLVED,False,"No EDGAR exact match, no reasoning-pass entry (FISC precedent: exclude unless Gate 1 overturns)"
19617,"Morgan Brown & Joy, LLP",1,,EXCLUDED-UNRESOLVED,False,"No EDGAR exact match, no reasoning-pass entry (FISC precedent: exclude unless Gate 1 overturns)"
19617,"Morgan Industrial, Inc.",1,,EXCLUDED-UNRESOLVED,False,"No EDGAR exact match, no reasoning-pass entry (FISC precedent: exclude unless Gate 1 overturns)"
19617,"Morgan Industrial, Inc. dba Omega Morgan",1,,EXCLUDED-UNRESOLVED,False,"No EDGAR exact match, no reasoning-pass entry (FISC precedent: exclude unless Gate 1 overturns)"
19617,"Morgan Truck Body, LLC",1,,EXCLUDED-UNRESOLVED,False,"No EDGAR exact match, no reasoning-pass entry (FISC precedent: exclude unless Gate 1 overturns)"
1034054,"American Alarm & Communications, Inc.",1,,EXCLUDED-UNRESOLVED,False,"No EDGAR exact match, no reasoning-pass entry (FISC precedent: exclude unless Gate 1 overturns)"
1034054,"Centerline Communications, LLC",1,,EXCLUDED-UNRESOLVED,False,"No EDGAR exact match, no reasoning-pass entry (FISC precedent: exclude unless Gate 1 overturns)"
1034054,CenturyLink Communications,2,,EXCLUDED-UNRESOLVED,False,"No EDGAR exact match, no reasoning-pass entry (FISC precedent: exclude unless Gate 1 overturns)"
1034054,"Cleo Communications US, LLC",1,,EXCLUDED-UNRESOLVED,False,"No EDGAR exact match, no reasoning-pass entry (FISC precedent: exclude unless Gate 1 overturns)"
1034054,Communications & Power Industries LLC,1,1000564.0,VERIFIED,False,EDGAR name: COMMUNICATIONS & POWER INDUSTRIES INC
1034054,Entercom Communications Corp.,1,1067837.0,VERIFIED,False,"EDGAR name: AUDACY, INC."
1034054,"Focus Medical Communications, LLC",1,,EXCLUDED-UNRESOLVED,False,"No EDGAR exact match, no reasoning-pass entry (FISC precedent: exclude unless Gate 1 overturns)"
1034054,Forum Communications Company,1,,EXCLUDED-UNRESOLVED,False,"No EDGAR exact match, no reasoning-pass entry (FISC precedent: exclude unless Gate 1 overturns)"
1034054,"Frontier Communications Parent, Inc.",13,20520.0,VERIFIED,False,EDGAR name: CITIZENS COMMUNICATIONS CO
1034054,"IES Communications, LLC",1,,EXCLUDED-UNRESOLVED,False,"No EDGAR exact match, no reasoning-pass entry (FISC precedent: exclude unless Gate 1 overturns)"
1034054,Mediacom Communications Corporation,1,1098659.0,VERIFIED,False,EDGAR name: MEDIACOM COMMUNICATIONS CORP
1034054,Mediant Communications Inc.,3,1567336.0,VERIFIED,False,EDGAR name: MEDIANT COMMUNICATIONS INC.
1034054,"Newcourse Communications, Inc.",11,,EXCLUDED-UNRESOLVED,False,"No EDGAR exact match, no reasoning-pass entry (FISC precedent: exclude unless Gate 1 overturns)"
1034054,Nuance Communications Inc,1,,AMBIGUOUS,False,"Candidates: 1002517 (NUANCE COMMUNICATIONS, INC.) | 1102556 (NUANCE COMMUNICATIONS) || legacy ticker"
1034054,"Nuance Communications, Inc.",5,,AMBIGUOUS,False,"Candidates: 1002517 (NUANCE COMMUNICATIONS, INC.) | 1102556 (NUANCE COMMUNICATIONS) || legacy ticker"
1034054,"Orbus Visual Communications, LLC",3,,EXCLUDED-UNRESOLVED,False,"No EDGAR exact match, no reasoning-pass entry (FISC precedent: exclude unless Gate 1 overturns)"
1034054,Prime Communications,2,1570434.0,VERIFIED,False,EDGAR name: PRIME COMMUNICATIONS INC
1034054,Shawmut Communications Group,1,,EXCLUDED-UNRESOLVED,False,"No EDGAR exact match, no reasoning-pass entry (FISC precedent: exclude unless Gate 1 overturns)"
1034054,Sorenson Communications,1,,EXCLUDED-UNRESOLVED,False,"No EDGAR exact match, no reasoning-pass entry (FISC precedent: exclude unless Gate 1 overturns)"
1034054,Suddenlink Communications,1,,EXCLUDED-UNRESOLVED,False,"No EDGAR exact match, no reasoning-pass entry (FISC precedent: exclude unless Gate 1 overturns)"
1034054,"Sumner Communications, Inc.",1,,EXCLUDED-UNRESOLVED,False,"No EDGAR exact match, no reasoning-pass entry (FISC precedent: exclude unless Gate 1 overturns)"
1034054,"Superior Communications, Inc.",1,,EXCLUDED-UNRESOLVED,False,"No EDGAR exact match, no reasoning-pass entry (FISC precedent: exclude unless Gate 1 overturns)"
1034054,"SupraNet Communications, Inc.",1,,EXCLUDED-UNRESOLVED,False,"No EDGAR exact match, no reasoning-pass entry (FISC precedent: exclude unless Gate 1 overturns)"
1034054,"Window to the World Communications, Inc.",1,,EXCLUDED-UNRESOLVED,False,"No EDGAR exact match, no reasoning-pass entry (FISC precedent: exclude unless Gate 1 overturns)"
1034054,"Woodward Communications, Inc.",2,,EXCLUDED-UNRESOLVED,False,"No EDGAR exact match, no reasoning-pass entry (FISC precedent: exclude unless Gate 1 overturns)"
1932393,Change Healthcare Inc.,1,,AMBIGUOUS,False,Candidates: 1414847 (CHANGE HEALTHCARE CORP) | 1756497 (CHANGE HEALTHCARE INC.) || legacy ticker: GE
1932393,Cornerstone Healthcare Group Management Services LLC,1,,EXCLUDED-UNRESOLVED,False,"No EDGAR exact match, no reasoning-pass entry (FISC precedent: exclude unless Gate 1 overturns)"
1932393,"Healthcare Fiscal Management, Inc.",2,,EXCLUDED-UNRESOLVED,False,"No EDGAR exact match, no reasoning-pass entry (FISC precedent: exclude unless Gate 1 overturns)"
1932393,Horizon Healthcare RCM,1,,EXCLUDED-UNRESOLVED,False,"No EDGAR exact match, no reasoning-pass entry (FISC precedent: exclude unless Gate 1 overturns)"
1932393,"Medical Healthcare Solutions, Inc.",1,,EXCLUDED-UNRESOLVED,False,"No EDGAR exact match, no reasoning-pass entry (FISC precedent: exclude unless Gate 1 overturns)"
1932393,"NextGen Healthcare, Inc.",2,708818.0,VERIFIED,False,"EDGAR name: NEXTGEN HEALTHCARE, INC."
1932393,Synergy Healthcare Services,2,,EXCLUDED-UNRESOLVED,False,"No EDGAR exact match, no reasoning-pass entry (FISC precedent: exclude unless Gate 1 overturns)"
1932393,"SysInformation Healthcare Services, LLC",2,,EXCLUDED-UNRESOLVED,False,"No EDGAR exact match, no reasoning-pass entry (FISC precedent: exclude unless Gate 1 overturns)"
1932393,"The iRemedy Healthcare Companies, Inc.",1,1691249.0,VERIFIED,False,"EDGAR name: IREMEDY HEALTHCARE COMPANIES, INC."
1932393,"Xerox State Healthcare, LLC",2,,EXCLUDED-UNRESOLVED,False,"No EDGAR exact match, no reasoning-pass entry (FISC precedent: exclude unless Gate 1 overturns)"
1755336,Home Box Office,1,1457937.0,VERIFIED,False,"EDGAR name: HOME BOX OFFICE, INC."
1755336,"Home Box Office, Inc.",4,1457937.0,VERIFIED,False,"EDGAR name: HOME BOX OFFICE, INC."
1755336,Time Warner Inc.,4,,AMBIGUOUS,False,Candidates: 736157 (TIME WARNER COMPANIES INC) | 1021387 (HISTORIC TW INC) | 1105705 (AOL TIME WARNE
1755336,TimeWarner,1,,EXCLUDED-UNRESOLVED,False,"No EDGAR exact match, no reasoning-pass entry (FISC precedent: exclude unless Gate 1 overturns)"
1755336,Warner Bros. Distributing Inc.,1,,EXCLUDED-UNRESOLVED,False,"No EDGAR exact match, no reasoning-pass entry (FISC precedent: exclude unless Gate 1 overturns)"
1755336,Warner Music Group,5,,AMBIGUOUS,False,"Candidates: 1309952 (WARNER MUSIC GROUP INC) | 1319161 (WARNER MUSIC GROUP CORP., WMG) || legacy tic"
1755336,Warner Music Group Corp,1,,AMBIGUOUS,False,"Candidates: 1309952 (WARNER MUSIC GROUP INC) | 1319161 (WARNER MUSIC GROUP CORP., WMG) || legacy tic"
1755336,"Warner Music, Inc.",1,,EXCLUDED-UNRESOLVED,False,"No EDGAR exact match, no reasoning-pass entry (FISC precedent: exclude unless Gate 1 overturns)"
