restriction,window,n,fcc_coef,fcc_se,fcc_p,ame_pp
Unambiguous dates,30d,646,0.0638,0.2545,0.802,1.03
Unambiguous dates,90d,646,0.1509,0.208,0.4682,3.7
Unambiguous dates,180d,646,0.3216,0.2491,0.1967,6.06
Large firms (>$100M),30d,646,0.0638,0.2545,0.802,1.03
Large firms (>$100M),90d,646,0.1509,0.208,0.4682,3.7
Large firms (>$100M),180d,646,0.3216,0.2491,0.1967,6.06
Complete data,30d,646,0.0638,0.2545,0.802,1.03
Complete data,90d,646,0.1509,0.208,0.4682,3.7
Complete data,180d,646,0.3216,0.2491,0.1967,6.06
