cik,breach_date,executive_change_30d,executive_change_90d,executive_change_180d,num_item5_02_filings_180d,days_to_first_item_5_02
1136893,2023-10-03,0.0,0.0,1.0,3.0,121.0
63908,2025-01-12,1.0,1.0,1.0,3.0,5.0
1324404,2018-01-08,0.0,0.0,0.0,0.0,
718877,2022-12-02,1.0,1.0,1.0,2.0,14.0
718877,2012-08-01,1.0,1.0,1.0,4.0,26.0
5272,2017-03-10,1.0,1.0,1.0,5.0,0.0
796343,2013-09-11,0.0,0.0,1.0,1.0,140.0
796343,2019-10-19,0.0,0.0,1.0,2.0,103.0
796343,2013-09-17,0.0,0.0,1.0,1.0,134.0
1283699,2025-02-23,1.0,1.0,1.0,3.0,26.0
1091667,2020-12-06,1.0,1.0,1.0,2.0,22.0
5272,2018-10-29,0.0,1.0,1.0,4.0,39.0
5272,2019-03-04,1.0,1.0,1.0,1.0,1.0
1324404,2020-06-01,0.0,0.0,0.0,0.0,
927628,2020-11-18,1.0,1.0,1.0,5.0,15.0
1324404,2021-11-08,0.0,0.0,0.0,0.0,
1097864,2022-02-22,0.0,0.0,1.0,1.0,100.0
1702780,2024-02-29,0.0,0.0,0.0,0.0,
1702780,2024-03-01,0.0,0.0,0.0,0.0,
1702780,2019-11-04,0.0,1.0,1.0,2.0,60.0
764180,2006-12-01,0.0,1.0,1.0,1.0,63.0
1324404,2022-04-05,0.0,1.0,1.0,1.0,38.0
1034054,2023-11-28,1.0,1.0,1.0,2.0,24.0
4904,2018-12-09,0.0,0.0,0.0,0.0,
4904,2019-02-18,0.0,0.0,0.0,0.0,
713676,2018-08-01,0.0,1.0,1.0,2.0,64.0
318154,2023-08-16,0.0,0.0,1.0,1.0,120.0
318154,2021-04-21,0.0,0.0,1.0,1.0,100.0
820313,2021-08-16,0.0,0.0,0.0,0.0,
315293,2020-12-17,0.0,1.0,1.0,1.0,43.0
315293,2020-12-29,0.0,1.0,1.0,1.0,31.0
315293,2022-02-25,0.0,0.0,1.0,2.0,118.0
713676,2023-06-28,0.0,0.0,0.0,0.0,
320193,2019-02-02,1.0,1.0,1.0,1.0,4.0
320193,2014-08-31,0.0,0.0,0.0,0.0,
320193,2020-11-01,0.0,1.0,1.0,1.0,65.0
320193,2010-06-01,0.0,0.0,1.0,1.0,169.0
320193,2015-07-01,0.0,0.0,1.0,2.0,93.0
320193,2013-07-18,1.0,1.0,1.0,1.0,12.0
320193,2015-09-18,1.0,1.0,1.0,3.0,14.0
874761,2024-06-20,0.0,0.0,0.0,0.0,
927628,2023-12-06,0.0,1.0,1.0,2.0,85.0
1097864,2021-03-20,0.0,1.0,1.0,1.0,89.0
5272,2021-04-28,1.0,1.0,1.0,2.0,15.0
732717,2014-04-01,0.0,1.0,1.0,1.0,90.0
732717,2017-01-25,0.0,0.0,0.0,0.0,
732717,2013-11-05,0.0,1.0,1.0,1.0,37.0
732717,2024-03-17,0.0,0.0,0.0,0.0,
732717,2014-06-11,1.0,1.0,1.0,2.0,19.0
732717,2014-02-01,0.0,0.0,1.0,1.0,149.0
732717,2008-05-23,0.0,0.0,1.0,1.0,129.0
732717,2014-10-09,1.0,1.0,1.0,2.0,29.0
732717,2013-01-01,0.0,1.0,1.0,2.0,34.0
732717,2012-01-01,0.0,0.0,1.0,1.0,180.0
732717,2022-06-01,1.0,1.0,1.0,2.0,30.0
732717,2024-04-09,0.0,0.0,0.0,0.0,
732717,2024-03-17,0.0,0.0,0.0,0.0,
732717,2024-03-26,0.0,0.0,0.0,0.0,
732717,2024-04-10,0.0,0.0,0.0,0.0,
732717,2024-04-14,0.0,0.0,0.0,0.0,
732717,2017-02-01,0.0,0.0,0.0,0.0,
732717,2014-04-01,0.0,1.0,1.0,1.0,90.0
732717,2014-04-09,0.0,1.0,1.0,1.0,82.0
732717,2022-08-30,0.0,0.0,1.0,1.0,156.0
732717,2014-08-11,0.0,1.0,1.0,2.0,88.0
732717,2017-01-01,0.0,0.0,0.0,0.0,
732717,2014-06-05,1.0,1.0,1.0,2.0,25.0
732717,2017-01-25,0.0,0.0,0.0,0.0,
732717,2023-03-01,0.0,0.0,0.0,0.0,
732717,2019-01-01,0.0,0.0,0.0,0.0,
732717,2014-08-05,0.0,0.0,1.0,2.0,94.0
732717,2014-10-16,1.0,1.0,1.0,2.0,22.0
732717,2014-04-09,0.0,1.0,1.0,1.0,82.0
732717,2013-10-01,0.0,1.0,1.0,1.0,72.0
1662742,2019-08-04,0.0,0.0,0.0,0.0,
8670,2013-04-29,0.0,0.0,1.0,1.0,100.0
927628,2023-09-18,0.0,0.0,1.0,1.0,164.0
1324404,2017-03-09,0.0,0.0,1.0,2.0,137.0
1324404,2020-08-18,0.0,0.0,0.0,0.0,
5272,2021-02-16,1.0,1.0,1.0,4.0,14.0
1512673,2016-03-21,0.0,1.0,1.0,3.0,53.0
1512673,2016-02-09,0.0,0.0,1.0,1.0,94.0
1512673,2016-02-01,0.0,0.0,1.0,1.0,102.0
1512673,2021-12-08,0.0,1.0,1.0,3.0,54.0
1512673,2023-01-12,1.0,1.0,1.0,2.0,0.0
1512673,2023-01-12,1.0,1.0,1.0,2.0,0.0
1324404,2021-05-23,0.0,1.0,1.0,2.0,58.0
1283699,2019-03-14,1.0,1.0,1.0,2.0,15.0
5272,2024-04-17,1.0,1.0,1.0,3.0,5.0
79282,2018-06-14,0.0,0.0,1.0,1.0,155.0
79282,2023-11-13,0.0,1.0,1.0,3.0,65.0
79282,2023-11-07,0.0,1.0,1.0,3.0,71.0
79282,2023-11-01,0.0,1.0,1.0,3.0,77.0
79282,2018-04-15,0.0,0.0,0.0,0.0,
79282,2020-07-28,0.0,0.0,0.0,0.0,
1136893,2022-03-06,1.0,1.0,1.0,3.0,15.0
1632127,2019-08-08,0.0,1.0,1.0,1.0,39.0
1632127,2019-03-01,0.0,0.0,1.0,1.0,122.0
1590895,2023-08-23,0.0,0.0,1.0,1.0,160.0
927628,2024-01-19,0.0,1.0,1.0,2.0,41.0
927628,2020-02-19,1.0,1.0,1.0,1.0,8.0
927628,2018-02-01,1.0,1.0,1.0,2.0,4.0
927628,2020-07-27,0.0,0.0,1.0,1.0,129.0
927628,2020-07-01,0.0,0.0,1.0,1.0,155.0
815097,2020-12-25,0.0,1.0,1.0,1.0,68.0
815097,2021-03-19,0.0,0.0,0.0,0.0,
815097,2020-08-15,0.0,0.0,1.0,1.0,111.0
815097,2019-04-11,0.0,0.0,0.0,0.0,
815097,2019-04-01,0.0,0.0,0.0,0.0,
1324404,2020-03-30,0.0,0.0,0.0,0.0,
1140859,2024-02-21,1.0,1.0,1.0,5.0,20.0
1140859,2024-04-10,1.0,1.0,1.0,3.0,23.0
1140859,2024-05-08,0.0,0.0,1.0,2.0,99.0
1071739,2015-10-08,0.0,0.0,1.0,2.0,145.0
1034054,2022-02-10,0.0,1.0,1.0,2.0,47.0
713676,2018-10-11,0.0,1.0,1.0,1.0,84.0
18926,2017-01-30,1.0,1.0,1.0,2.0,24.0
18926,2017-02-28,0.0,0.0,1.0,1.0,93.0
18926,2013-12-27,0.0,0.0,1.0,1.0,157.0
18926,2020-08-20,0.0,0.0,1.0,1.0,153.0
18926,2022-03-15,1.0,1.0,1.0,1.0,13.0
1932393,2024-02-12,0.0,1.0,1.0,1.0,63.0
1324404,2009-07-23,0.0,0.0,0.0,0.0,
1091667,2014-09-30,0.0,0.0,1.0,1.0,164.0
1091667,2008-08-11,0.0,1.0,1.0,4.0,50.0
1091667,2022-12-21,0.0,1.0,1.0,1.0,65.0
1091667,2023-09-01,0.0,1.0,1.0,2.0,54.0
1091667,2013-04-26,1.0,1.0,1.0,1.0,6.0
1091667,2008-07-14,0.0,1.0,1.0,3.0,78.0
1091667,2014-01-21,1.0,1.0,1.0,2.0,1.0
1091667,2023-01-01,0.0,1.0,1.0,1.0,54.0
1091667,2021-05-01,0.0,0.0,1.0,1.0,171.0
200406,2020-12-24,0.0,0.0,0.0,0.0,
723254,2020-09-16,0.0,0.0,0.0,0.0,
858877,2012-04-13,0.0,0.0,1.0,3.0,111.0
858877,2012-03-26,0.0,0.0,1.0,2.0,129.0
877890,2019-04-30,0.0,1.0,1.0,4.0,37.0
877890,2016-11-15,0.0,1.0,1.0,3.0,52.0
877890,2018-10-13,0.0,1.0,1.0,1.0,59.0
877890,2013-04-26,1.0,1.0,1.0,3.0,14.0
877890,2018-10-13,0.0,1.0,1.0,1.0,59.0
877890,2018-10-13,0.0,1.0,1.0,1.0,59.0
1136893,2024-10-18,1.0,1.0,1.0,2.0,28.0
1034054,2022-10-28,0.0,0.0,1.0,2.0,116.0
1973266,2019-01-31,0.0,0.0,0.0,0.0,
21344,2018-06-02,0.0,0.0,1.0,1.0,138.0
1058290,2020-04-09,0.0,0.0,1.0,1.0,111.0
1166691,2014-09-29,0.0,1.0,1.0,1.0,85.0
1166691,2008-01-29,1.0,1.0,1.0,1.0,15.0
1166691,2024-02-14,0.0,1.0,1.0,1.0,61.0
1166691,2023-10-16,0.0,1.0,1.0,1.0,51.0
1166691,2024-10-04,0.0,0.0,1.0,1.0,166.0
1166691,2024-02-14,0.0,1.0,1.0,1.0,61.0
1166691,2023-10-16,0.0,1.0,1.0,1.0,51.0
1166691,2024-01-26,0.0,1.0,1.0,1.0,80.0
1166691,2009-06-22,0.0,0.0,0.0,0.0,
1166691,2009-05-11,0.0,0.0,0.0,0.0,
1034054,2020-01-18,0.0,0.0,0.0,0.0,
1390777,2023-05-29,0.0,1.0,1.0,1.0,32.0
713676,2023-05-29,0.0,0.0,0.0,0.0,
1932393,2023-12-19,0.0,1.0,1.0,2.0,48.0
1755672,2023-03-01,0.0,0.0,0.0,0.0,
909832,2014-06-19,0.0,0.0,1.0,3.0,132.0
732717,2018-08-21,0.0,0.0,0.0,0.0,
732717,2018-08-17,0.0,0.0,0.0,0.0,
1535527,2024-07-19,0.0,0.0,0.0,0.0,
1713683,2022-04-01,0.0,0.0,1.0,2.0,125.0
1051470,2013-10-31,0.0,0.0,1.0,2.0,113.0
1051470,2013-11-19,0.0,0.0,1.0,2.0,94.0
713676,2021-03-08,0.0,0.0,0.0,0.0,
277948,2013-09-06,0.0,0.0,0.0,0.0,
277948,2013-10-07,0.0,0.0,0.0,0.0,
277948,2020-12-25,0.0,1.0,1.0,3.0,32.0
831001,2022-01-14,0.0,0.0,1.0,1.0,104.0
1553023,2017-10-18,0.0,0.0,1.0,1.0,127.0
831001,2021-04-11,1.0,1.0,1.0,2.0,18.0
1324404,2020-11-22,0.0,0.0,0.0,0.0,
1571996,2013-02-26,0.0,0.0,0.0,0.0,
27904,2017-09-01,0.0,1.0,1.0,1.0,52.0
27904,2017-09-26,1.0,1.0,1.0,1.0,27.0
27904,2018-06-18,0.0,0.0,0.0,0.0,
832101,2019-08-13,0.0,0.0,0.0,0.0,
1324404,2021-08-26,0.0,1.0,1.0,1.0,48.0
200406,2018-04-23,0.0,1.0,1.0,1.0,60.0
1001082,2023-02-23,0.0,0.0,1.0,2.0,120.0
1001082,2023-02-22,0.0,0.0,1.0,2.0,121.0
1001082,2023-05-17,0.0,1.0,1.0,5.0,37.0
1001082,2023-02-23,0.0,0.0,1.0,2.0,120.0
1001082,2023-02-22,0.0,0.0,1.0,2.0,121.0
1744489,2016-07-09,0.0,0.0,0.0,0.0,
1792789,2019-05-04,0.0,0.0,0.0,0.0,
1744489,2015-02-25,0.0,0.0,0.0,0.0,
1326160,2017-11-10,0.0,1.0,1.0,1.0,34.0
1326160,2021-05-28,0.0,0.0,1.0,2.0,122.0
1326160,2014-03-24,0.0,1.0,1.0,2.0,43.0
1324404,2025-05-27,0.0,1.0,1.0,2.0,58.0
1841666,2023-01-25,0.0,0.0,0.0,0.0,
1004980,2020-09-25,1.0,1.0,1.0,9.0,3.0
927628,2021-04-13,1.0,1.0,1.0,1.0,24.0
93751,2019-05-03,1.0,1.0,1.0,2.0,14.0
1324404,2016-07-16,0.0,0.0,0.0,0.0,
1324404,2016-07-01,0.0,0.0,0.0,0.0,
874761,2014-01-07,0.0,0.0,0.0,0.0,
874761,2021-09-05,1.0,1.0,1.0,3.0,17.0
1324404,2021-06-13,0.0,1.0,1.0,2.0,37.0
1324404,2021-02-08,0.0,0.0,1.0,1.0,162.0
1324404,2021-06-01,0.0,1.0,1.0,2.0,49.0
1034054,2019-09-18,0.0,1.0,1.0,1.0,89.0
33185,2014-01-31,0.0,0.0,1.0,1.0,101.0
920522,2013-08-13,0.0,0.0,1.0,1.0,171.0
1324404,2016-02-26,0.0,0.0,0.0,0.0,
19617,2020-12-29,1.0,1.0,1.0,3.0,23.0
1326801,2013-11-24,0.0,0.0,1.0,1.0,150.0
1326801,2018-09-01,0.0,0.0,0.0,0.0,
1326801,2018-03-01,0.0,1.0,1.0,3.0,61.0
1326801,2008-06-09,0.0,0.0,0.0,0.0,
1048911,2011-05-01,0.0,0.0,0.0,0.0,
874761,2021-01-01,1.0,1.0,1.0,2.0,14.0
874761,2021-02-01,1.0,1.0,1.0,2.0,28.0
5272,2020-05-07,0.0,0.0,1.0,1.0,172.0
1136893,2023-09-19,0.0,0.0,1.0,3.0,135.0
1136893,2023-05-31,0.0,1.0,1.0,1.0,83.0
1136893,2023-06-26,0.0,1.0,1.0,1.0,57.0
1136893,2023-07-17,0.0,1.0,1.0,1.0,36.0
1136893,2023-05-01,1.0,1.0,1.0,2.0,25.0
1136893,2023-09-08,0.0,0.0,1.0,2.0,146.0
1136893,2023-11-20,0.0,1.0,1.0,4.0,73.0
1136893,2007-09-24,0.0,1.0,1.0,2.0,53.0
1136893,2023-05-27,0.0,1.0,1.0,1.0,87.0
1136893,2023-10-06,0.0,0.0,1.0,3.0,118.0
1136893,2023-05-29,0.0,1.0,1.0,1.0,85.0
1136893,2023-06-21,0.0,1.0,1.0,1.0,62.0
1136893,2023-11-09,0.0,1.0,1.0,4.0,84.0
1136893,2023-07-21,0.0,1.0,1.0,1.0,32.0
1136893,2011-06-10,0.0,0.0,0.0,0.0,
713676,2024-02-14,1.0,1.0,1.0,2.0,6.0
713676,2024-02-09,1.0,1.0,1.0,2.0,11.0
713676,2023-09-28,0.0,0.0,1.0,1.0,145.0
713676,2023-12-18,0.0,1.0,1.0,2.0,64.0
798354,2021-09-25,0.0,1.0,1.0,2.0,51.0
798354,2023-12-06,1.0,1.0,1.0,4.0,0.0
798354,2008-12-02,1.0,1.0,1.0,1.0,21.0
1065696,2023-01-25,0.0,1.0,1.0,1.0,43.0
5272,2023-05-30,1.0,1.0,1.0,2.0,24.0
1034054,2021-10-12,0.0,0.0,1.0,1.0,168.0
1034054,2025-01-14,0.0,0.0,0.0,0.0,
1308161,2009-04-09,0.0,1.0,1.0,4.0,55.0
1308161,2009-04-15,0.0,1.0,1.0,4.0,49.0
1308161,2010-02-08,0.0,0.0,1.0,1.0,176.0
1308161,2018-03-13,0.0,1.0,1.0,2.0,45.0
5272,2021-10-18,1.0,1.0,1.0,4.0,9.0
713676,2019-12-01,0.0,1.0,1.0,2.0,81.0
831259,2023-08-08,0.0,0.0,0.0,0.0,
20520,2022-02-24,0.0,0.0,1.0,1.0,120.0
20520,2023-12-18,0.0,1.0,1.0,2.0,49.0
20520,2024-04-13,0.0,1.0,1.0,1.0,37.0
20520,2024-04-14,0.0,1.0,1.0,1.0,36.0
20520,2024-06-10,0.0,0.0,0.0,0.0,
20520,2024-06-12,0.0,0.0,0.0,0.0,
354190,2017-06-01,0.0,0.0,0.0,0.0,
354190,2017-06-18,0.0,0.0,0.0,0.0,
874761,2023-02-11,0.0,0.0,1.0,2.0,129.0
874761,2023-02-07,0.0,0.0,1.0,2.0,133.0
1136893,2023-09-11,0.0,0.0,1.0,2.0,143.0
40533,2018-10-31,0.0,0.0,1.0,2.0,126.0
40704,2022-11-18,0.0,0.0,1.0,1.0,168.0
927628,2020-12-08,0.0,1.0,1.0,4.0,62.0
1385157,2024-05-20,0.0,0.0,1.0,3.0,120.0
1123360,2012-07-25,0.0,0.0,0.0,0.0,
1123360,2012-06-22,1.0,1.0,1.0,1.0,26.0
1609711,2021-09-06,0.0,0.0,1.0,3.0,91.0
1609711,2013-01-30,0.0,0.0,0.0,0.0,
1609711,2012-08-18,0.0,0.0,0.0,0.0,
1609711,2019-10-19,0.0,1.0,1.0,2.0,48.0
1609711,2019-10-16,0.0,1.0,1.0,2.0,51.0
1609711,2021-09-06,0.0,0.0,1.0,3.0,91.0
1609711,2022-03-14,0.0,0.0,1.0,1.0,116.0
1652044,2016-08-10,0.0,0.0,0.0,0.0,
1652044,2016-03-29,0.0,1.0,1.0,2.0,73.0
1652044,2016-08-10,0.0,0.0,0.0,0.0,
1652044,2016-05-06,0.0,1.0,1.0,2.0,35.0
1652044,2008-06-27,0.0,0.0,0.0,0.0,
1652044,2017-06-29,1.0,1.0,1.0,2.0,25.0
927628,2023-04-20,1.0,1.0,1.0,1.0,19.0
879585,2016-08-08,0.0,0.0,0.0,0.0,
879585,2016-08-10,0.0,0.0,0.0,0.0,
879585,2021-09-01,0.0,0.0,0.0,0.0,
879585,2016-02-16,1.0,1.0,1.0,2.0,16.0
879585,2016-08-12,0.0,0.0,0.0,0.0,
879585,2018-04-01,1.0,1.0,1.0,1.0,18.0
19617,2022-02-01,0.0,0.0,1.0,1.0,168.0
47217,2023-05-14,0.0,0.0,1.0,1.0,130.0
1932393,2020-04-12,0.0,0.0,0.0,0.0,
1932393,2020-04-13,0.0,0.0,0.0,0.0,
1000228,2023-09-27,0.0,1.0,1.0,2.0,50.0
70858,2022-02-01,1.0,1.0,1.0,1.0,24.0
47111,2015-02-01,1.0,1.0,1.0,2.0,26.0
1645590,2007-08-16,0.0,0.0,0.0,0.0,
1645590,2023-12-12,1.0,1.0,1.0,5.0,3.0
1645590,2025-02-05,0.0,1.0,1.0,2.0,58.0
1645590,2010-02-09,0.0,0.0,0.0,0.0,
1645590,2007-07-01,0.0,0.0,0.0,0.0,
1645590,2008-12-08,0.0,0.0,0.0,0.0,
1645590,2008-12-04,0.0,0.0,0.0,0.0,
5272,2021-04-01,0.0,1.0,1.0,2.0,42.0
1755336,2017-05-15,,,,,
1755336,2017-05-15,,,,,
1755336,2017-07-23,,,,,
1755336,2017-10-30,,,,,
773840,2021-02-16,0.0,0.0,1.0,1.0,148.0
773840,2023-06-03,1.0,1.0,1.0,3.0,12.0
773840,2023-05-27,1.0,1.0,1.0,2.0,19.0
773840,2023-05-27,1.0,1.0,1.0,2.0,19.0
1932393,2024-12-26,0.0,0.0,0.0,0.0,
70858,2021-03-15,0.0,1.0,1.0,2.0,38.0
1645590,2012-12-28,0.0,0.0,0.0,0.0,
1645590,2016-09-16,0.0,0.0,1.0,2.0,123.0
1645590,2016-11-07,0.0,1.0,1.0,3.0,71.0
1324404,2022-08-18,0.0,0.0,1.0,1.0,119.0
713676,2025-07-18,0.0,0.0,0.0,0.0,
1501585,2022-03-01,1.0,1.0,1.0,4.0,3.0
1324404,2025-08-09,1.0,1.0,1.0,4.0,30.0
51143,2007-02-23,0.0,0.0,1.0,2.0,123.0
51143,2011-04-14,0.0,0.0,0.0,0.0,
1034054,2025-03-07,0.0,0.0,0.0,0.0,
1437107,2017-08-31,0.0,1.0,1.0,3.0,77.0
1437107,2024-12-24,1.0,1.0,1.0,7.0,6.0
1437107,2025-04-30,0.0,1.0,1.0,5.0,34.0
713676,2022-10-19,0.0,0.0,0.0,0.0,
713676,2022-10-18,0.0,0.0,0.0,0.0,
1283699,2019-07-01,0.0,0.0,1.0,1.0,140.0
1283699,2018-10-03,1.0,1.0,1.0,3.0,30.0
1324404,2021-01-05,0.0,0.0,0.0,0.0,
713676,2007-11-01,0.0,1.0,1.0,4.0,82.0
51434,2023-05-30,0.0,0.0,1.0,1.0,125.0
896878,2008-05-26,0.0,1.0,1.0,2.0,60.0
896878,2008-09-24,0.0,1.0,1.0,3.0,34.0
896878,2014-04-18,0.0,0.0,1.0,1.0,102.0
896878,2014-04-01,0.0,0.0,1.0,1.0,119.0
896878,2014-02-01,1.0,1.0,1.0,2.0,10.0
896878,2015-04-07,0.0,0.0,0.0,0.0,
896878,2015-04-14,0.0,0.0,0.0,0.0,
896878,2015-05-20,0.0,0.0,1.0,1.0,163.0
896878,2015-09-18,0.0,1.0,1.0,1.0,42.0
896878,2015-10-12,1.0,1.0,1.0,1.0,18.0
896878,2015-12-07,0.0,0.0,1.0,1.0,154.0
896878,2015-12-01,0.0,0.0,1.0,1.0,160.0
896878,2015-12-31,0.0,0.0,1.0,1.0,130.0
896878,2015-12-08,0.0,0.0,1.0,1.0,153.0
896878,2016-01-21,0.0,0.0,1.0,1.0,109.0
896878,2016-02-04,0.0,0.0,1.0,1.0,95.0
896878,2016-03-03,0.0,1.0,1.0,1.0,67.0
896878,2016-03-08,0.0,1.0,1.0,1.0,62.0
896878,2016-03-09,0.0,1.0,1.0,1.0,61.0
896878,2016-03-01,0.0,1.0,1.0,1.0,69.0
896878,2016-02-24,0.0,1.0,1.0,1.0,75.0
896878,2016-02-29,0.0,1.0,1.0,1.0,70.0
896878,2016-02-24,0.0,1.0,1.0,1.0,75.0
896878,2016-03-17,0.0,1.0,1.0,1.0,53.0
896878,2016-03-07,0.0,1.0,1.0,1.0,63.0
896878,2016-04-14,1.0,1.0,1.0,1.0,25.0
896878,2016-03-22,0.0,1.0,1.0,1.0,48.0
896878,2016-03-23,0.0,1.0,1.0,1.0,47.0
896878,2016-04-29,1.0,1.0,1.0,1.0,10.0
896878,2016-04-06,0.0,1.0,1.0,1.0,33.0
896878,2016-05-02,1.0,1.0,1.0,1.0,7.0
896878,2016-05-27,0.0,0.0,0.0,0.0,
896878,2016-05-17,0.0,0.0,0.0,0.0,
896878,2016-04-01,0.0,1.0,1.0,1.0,38.0
896878,2016-06-09,0.0,0.0,0.0,0.0,
896878,2016-06-01,0.0,0.0,0.0,0.0,
896878,2016-08-03,0.0,0.0,0.0,0.0,
896878,2016-08-22,0.0,0.0,0.0,0.0,
896878,2016-09-12,0.0,0.0,0.0,0.0,
896878,2016-09-26,0.0,0.0,0.0,0.0,
896878,2016-03-29,0.0,1.0,1.0,1.0,41.0
896878,2016-10-18,0.0,0.0,0.0,0.0,
896878,2016-10-30,0.0,0.0,0.0,0.0,
896878,2016-10-23,0.0,0.0,0.0,0.0,
896878,2016-12-05,0.0,0.0,0.0,0.0,
896878,2016-11-22,0.0,0.0,0.0,0.0,
896878,2016-12-13,0.0,0.0,0.0,0.0,
896878,2017-01-12,0.0,0.0,0.0,0.0,
896878,2017-01-27,0.0,0.0,1.0,1.0,175.0
896878,2017-02-13,0.0,0.0,1.0,1.0,158.0
896878,2017-01-30,0.0,0.0,1.0,1.0,172.0
896878,2017-03-02,0.0,0.0,1.0,2.0,141.0
896878,2017-02-20,0.0,0.0,1.0,1.0,151.0
896878,2017-02-28,0.0,0.0,1.0,2.0,143.0
896878,2017-03-12,0.0,0.0,1.0,2.0,131.0
896878,2017-04-04,0.0,0.0,1.0,2.0,108.0
896878,2017-04-02,0.0,0.0,1.0,2.0,110.0
896878,2017-04-17,0.0,0.0,1.0,2.0,95.0
896878,2017-04-30,0.0,1.0,1.0,3.0,82.0
896878,2017-02-28,0.0,0.0,1.0,2.0,143.0
896878,2017-01-01,0.0,0.0,0.0,0.0,
896878,2017-04-19,0.0,0.0,1.0,2.0,93.0
896878,2017-06-14,0.0,1.0,1.0,3.0,37.0
896878,2017-06-01,0.0,1.0,1.0,3.0,50.0
896878,2017-08-01,1.0,1.0,1.0,3.0,21.0
896878,2017-08-08,1.0,1.0,1.0,3.0,14.0
896878,2017-07-30,1.0,1.0,1.0,3.0,23.0
896878,2017-08-16,1.0,1.0,1.0,3.0,6.0
896878,2017-08-25,0.0,1.0,1.0,2.0,55.0
896878,2017-09-01,0.0,1.0,1.0,2.0,48.0
896878,2017-10-17,1.0,1.0,1.0,2.0,2.0
896878,2018-02-06,0.0,0.0,1.0,1.0,105.0
896878,2018-03-14,0.0,1.0,1.0,2.0,69.0
896878,2018-04-26,1.0,1.0,1.0,2.0,26.0
896878,2018-05-16,1.0,1.0,1.0,3.0,6.0
896878,2018-06-15,0.0,1.0,1.0,2.0,69.0
896878,2019-02-22,0.0,0.0,0.0,0.0,
896878,2019-01-29,0.0,0.0,0.0,0.0,
896878,2019-01-30,0.0,0.0,0.0,0.0,
896878,2019-02-21,0.0,0.0,0.0,0.0,
896878,2019-03-26,0.0,0.0,0.0,0.0,
896878,2019-04-16,0.0,0.0,0.0,0.0,
896878,2019-04-07,0.0,0.0,0.0,0.0,
896878,2019-09-20,0.0,0.0,0.0,0.0,
896878,2020-03-31,0.0,0.0,0.0,0.0,
896878,2020-04-12,0.0,0.0,0.0,0.0,
896878,2022-02-06,0.0,0.0,1.0,1.0,107.0
896878,2022-04-15,0.0,1.0,1.0,1.0,39.0
896878,2023-01-01,0.0,1.0,1.0,2.0,53.0
896878,2023-06-04,0.0,1.0,1.0,1.0,71.0
896878,2023-12-01,0.0,0.0,1.0,1.0,153.0
896878,2024-01-29,0.0,0.0,1.0,2.0,94.0
896878,2024-03-05,0.0,1.0,1.0,2.0,58.0
896878,2024-12-20,0.0,0.0,1.0,1.0,178.0
896878,2025-01-21,0.0,0.0,1.0,1.0,146.0
79282,2021-05-27,0.0,0.0,0.0,0.0,
728535,2020-08-17,0.0,0.0,1.0,2.0,99.0
728535,2020-08-01,0.0,0.0,1.0,2.0,115.0
1324404,2021-10-16,0.0,0.0,0.0,0.0,
200406,2023-07-25,0.0,1.0,1.0,3.0,90.0
200406,2020-01-01,0.0,0.0,0.0,0.0,
200406,2022-06-01,0.0,0.0,0.0,0.0,
200406,2018-05-21,0.0,1.0,1.0,1.0,32.0
5272,2017-04-06,0.0,1.0,1.0,4.0,39.0
1324404,2025-03-12,0.0,0.0,1.0,2.0,134.0
1324404,2024-03-10,0.0,0.0,1.0,1.0,102.0
1097864,2024-03-20,0.0,1.0,1.0,1.0,63.0
1324404,2015-06-02,1.0,1.0,1.0,2.0,23.0
713676,2023-02-24,0.0,1.0,1.0,2.0,67.0
1336920,2022-09-30,0.0,0.0,1.0,1.0,150.0
920760,2023-07-20,1.0,1.0,1.0,2.0,14.0
927628,2023-05-02,1.0,1.0,1.0,1.0,7.0
713676,2018-07-10,0.0,1.0,1.0,2.0,86.0
1973266,2022-12-14,0.0,0.0,0.0,0.0,
1510295,2018-11-28,0.0,1.0,1.0,1.0,63.0
1324404,2023-11-07,0.0,1.0,1.0,1.0,90.0
1136893,2021-06-01,1.0,1.0,1.0,3.0,8.0
1048286,2020-01-01,0.0,0.0,1.0,1.0,131.0
62709,2013-06-01,0.0,0.0,0.0,0.0,
63908,2025-05-29,0.0,0.0,0.0,0.0,
5272,2023-06-12,1.0,1.0,1.0,3.0,11.0
200406,2020-11-07,1.0,1.0,1.0,1.0,26.0
1034054,2022-07-18,0.0,0.0,0.0,0.0,
1034054,2019-04-01,0.0,0.0,0.0,0.0,
1932393,2021-10-01,0.0,0.0,0.0,0.0,
1136893,2011-03-22,0.0,0.0,0.0,0.0,
1136893,2010-09-16,0.0,0.0,1.0,1.0,151.0
789570,2023-09-08,0.0,0.0,0.0,0.0,
789570,2019-07-07,0.0,0.0,0.0,0.0,
789019,2017-07-05,0.0,1.0,1.0,2.0,76.0
789019,2022-03-01,0.0,0.0,0.0,0.0,
789019,2022-09-24,0.0,0.0,0.0,0.0,
789019,2019-12-05,0.0,0.0,1.0,1.0,99.0
1841666,2016-03-06,0.0,0.0,0.0,0.0,
19617,2021-04-12,0.0,1.0,1.0,2.0,36.0
19617,2022-10-22,0.0,1.0,1.0,2.0,87.0
19617,2022-10-23,0.0,1.0,1.0,2.0,86.0
19617,2021-07-16,1.0,1.0,1.0,3.0,4.0
68505,2012-02-07,1.0,1.0,1.0,2.0,20.0
68505,2011-03-01,1.0,1.0,1.0,2.0,16.0
68505,2009-02-17,0.0,1.0,1.0,3.0,34.0
68505,2009-01-01,1.0,1.0,1.0,5.0,20.0
5272,2023-02-02,1.0,1.0,1.0,3.0,25.0
5272,2023-02-06,1.0,1.0,1.0,3.0,21.0
1324404,2020-10-02,0.0,0.0,0.0,0.0,
1324404,2025-03-01,0.0,0.0,1.0,1.0,145.0
1166691,2012-08-24,1.0,1.0,1.0,1.0,21.0
1166691,2013-08-24,0.0,0.0,1.0,1.0,174.0
1166691,2013-10-15,0.0,0.0,1.0,1.0,122.0
1166691,2022-01-04,0.0,0.0,0.0,0.0,
1402057,2016-01-01,0.0,1.0,1.0,4.0,62.0
1402057,2018-11-30,1.0,1.0,1.0,2.0,20.0
1402057,2021-03-02,1.0,1.0,1.0,4.0,23.0
713676,2014-03-29,1.0,1.0,1.0,2.0,6.0
1034054,2022-04-27,0.0,1.0,1.0,1.0,51.0
1034054,2022-04-01,0.0,1.0,1.0,1.0,77.0
1932393,2023-03-29,0.0,1.0,1.0,1.0,41.0
924613,2013-07-22,0.0,0.0,0.0,0.0,
924613,2017-04-01,0.0,0.0,0.0,0.0,
924613,2017-05-17,0.0,0.0,0.0,0.0,
1133421,2016-04-18,0.0,0.0,0.0,0.0,
1324404,2023-10-11,1.0,1.0,1.0,2.0,6.0
1034054,2023-05-28,0.0,0.0,1.0,1.0,108.0
1034054,2023-05-28,0.0,0.0,1.0,1.0,108.0
1034054,2014-12-10,0.0,0.0,1.0,1.0,119.0
73309,2025-05-03,1.0,1.0,1.0,1.0,11.0
73309,2023-05-26,0.0,1.0,1.0,1.0,74.0
906163,2021-06-25,0.0,0.0,0.0,0.0,
5272,2024-01-01,0.0,1.0,1.0,3.0,31.0
1660134,2023-11-02,0.0,0.0,0.0,0.0,
1660134,2023-09-23,0.0,0.0,0.0,0.0,
1660134,2023-09-23,0.0,0.0,0.0,0.0,
1660134,2023-11-07,0.0,0.0,0.0,0.0,
713676,2024-02-20,1.0,1.0,1.0,2.0,0.0
713676,2024-02-29,0.0,1.0,1.0,1.0,85.0
777676,2013-07-10,0.0,0.0,0.0,0.0,
777676,2007-11-28,0.0,0.0,0.0,0.0,
777676,2007-12-03,0.0,0.0,0.0,0.0,
1034054,2023-10-30,0.0,1.0,1.0,2.0,53.0
75362,2018-01-22,1.0,1.0,1.0,2.0,25.0
70858,2024-07-25,0.0,0.0,0.0,0.0,
2041610,2023-01-01,0.0,0.0,0.0,0.0,
813828,2023-08-10,0.0,0.0,1.0,1.0,99.0
76334,2022-03-11,0.0,0.0,1.0,2.0,139.0
1590955,2023-05-28,0.0,0.0,1.0,1.0,177.0
1633917,2019-08-08,0.0,0.0,1.0,1.0,144.0
1633917,2022-12-06,0.0,1.0,1.0,5.0,34.0
1973266,2020-11-06,0.0,0.0,0.0,0.0,
927628,2021-04-12,1.0,1.0,1.0,1.0,25.0
77476,2021-02-24,0.0,0.0,1.0,1.0,162.0
200406,2023-03-27,1.0,1.0,1.0,2.0,7.0
200406,2023-03-01,0.0,1.0,1.0,2.0,33.0
78003,2006-12-01,1.0,1.0,1.0,3.0,20.0
713676,2014-12-10,0.0,1.0,1.0,3.0,72.0
1324404,2013-05-08,0.0,0.0,1.0,1.0,131.0
1034054,2019-12-11,1.0,1.0,1.0,1.0,5.0
70858,2023-12-02,0.0,0.0,1.0,1.0,146.0
70858,2018-12-07,0.0,0.0,1.0,1.0,138.0
1841666,2020-06-11,0.0,0.0,0.0,0.0,
872589,2010-06-18,0.0,0.0,1.0,1.0,150.0
1060391,2013-08-11,1.0,1.0,1.0,2.0,15.0
1060391,2013-08-26,1.0,1.0,1.0,3.0,0.0
1060391,2013-08-10,1.0,1.0,1.0,2.0,16.0
1060391,2019-02-02,0.0,1.0,1.0,1.0,88.0
1060391,2022-04-09,0.0,0.0,0.0,0.0,
1060391,2021-09-20,0.0,0.0,0.0,0.0,
1060391,2019-02-01,0.0,1.0,1.0,1.0,89.0
1043277,2023-12-06,1.0,1.0,1.0,3.0,15.0
1324404,2019-10-16,0.0,0.0,0.0,0.0,
1428439,2023-12-28,0.0,0.0,1.0,1.0,162.0
1428439,2023-12-01,0.0,0.0,0.0,0.0,
1428439,2024-02-29,0.0,0.0,1.0,1.0,99.0
1428439,2023-12-28,0.0,0.0,1.0,1.0,162.0
713676,2023-04-27,1.0,1.0,1.0,2.0,5.0
5272,2023-06-06,1.0,1.0,1.0,2.0,17.0
1108524,2008-02-07,1.0,1.0,1.0,2.0,29.0
1108524,2008-02-07,1.0,1.0,1.0,2.0,29.0
1156375,2024-11-07,1.0,1.0,1.0,1.0,0.0
1137789,2017-07-08,1.0,1.0,1.0,3.0,17.0
1137789,2016-02-29,0.0,0.0,1.0,3.0,119.0
1137789,2016-03-14,0.0,0.0,1.0,3.0,105.0
200406,2015-12-11,0.0,0.0,0.0,0.0,
1373715,2024-05-14,0.0,1.0,1.0,2.0,71.0
1034054,2021-10-26,0.0,0.0,1.0,1.0,154.0
1324404,2022-06-10,0.0,0.0,0.0,0.0,
1324404,2022-06-11,0.0,0.0,0.0,0.0,
912752,2021-06-23,0.0,0.0,0.0,0.0,
912752,2021-06-23,0.0,0.0,0.0,0.0,
912752,2021-12-16,0.0,0.0,1.0,1.0,175.0
912752,2020-05-01,0.0,0.0,0.0,0.0,
908937,2016-12-04,0.0,0.0,0.0,0.0,
908937,2016-10-31,0.0,0.0,0.0,0.0,
908937,2016-09-26,0.0,0.0,0.0,0.0,
908937,2016-10-31,0.0,0.0,0.0,0.0,
908937,2016-08-20,0.0,0.0,0.0,0.0,
908937,2016-02-01,1.0,1.0,1.0,1.0,21.0
908937,2016-04-05,0.0,0.0,0.0,0.0,
908937,2016-11-15,0.0,0.0,0.0,0.0,
908937,2012-03-19,0.0,0.0,0.0,0.0,
908937,2017-08-06,0.0,0.0,1.0,2.0,158.0
908937,2017-09-18,0.0,0.0,1.0,2.0,115.0
908937,2017-01-06,0.0,0.0,0.0,0.0,
908937,2016-10-04,0.0,0.0,0.0,0.0,
908937,2017-01-25,0.0,0.0,0.0,0.0,
908937,2016-12-19,0.0,0.0,0.0,0.0,
908937,2012-04-12,0.0,0.0,0.0,0.0,
1564408,2022-03-01,0.0,0.0,1.0,1.0,142.0
91440,2022-03-01,0.0,0.0,0.0,0.0,
91440,2022-03-03,0.0,0.0,0.0,0.0,
91440,2022-03-01,0.0,0.0,0.0,0.0,
1640147,2024-03-01,0.0,0.0,1.0,1.0,123.0
1640147,2024-04-14,0.0,1.0,1.0,1.0,79.0
313838,2009-05-13,0.0,0.0,0.0,0.0,
313838,2009-06-02,0.0,0.0,0.0,0.0,
313838,2010-05-01,0.0,0.0,0.0,0.0,
313838,2023-05-28,0.0,0.0,0.0,0.0,
313838,2023-10-03,0.0,0.0,0.0,0.0,
313838,2023-05-28,0.0,0.0,0.0,0.0,
313838,2023-05-28,0.0,0.0,0.0,0.0,
313838,2011-04-01,0.0,0.0,0.0,0.0,
313838,2011-05-05,0.0,0.0,0.0,0.0,
313838,2011-04-17,0.0,0.0,0.0,0.0,
313838,2011-04-16,0.0,0.0,0.0,0.0,
313838,2014-11-01,0.0,0.0,0.0,0.0,
313838,2014-11-24,0.0,0.0,0.0,0.0,
313838,2014-11-01,0.0,0.0,0.0,0.0,
313838,2011-06-02,0.0,0.0,0.0,0.0,
313838,2014-11-24,0.0,0.0,0.0,0.0,
1034054,2014-02-20,0.0,0.0,0.0,0.0,
5272,2016-09-13,0.0,0.0,1.0,2.0,174.0
92380,2018-03-01,0.0,0.0,0.0,0.0,
92380,2017-10-01,0.0,0.0,0.0,0.0,
92380,2024-02-01,0.0,1.0,1.0,3.0,90.0
1324404,2018-02-01,0.0,0.0,0.0,0.0,
1639920,2020-04-09,0.0,0.0,0.0,0.0,
1283699,2019-06-02,0.0,0.0,1.0,1.0,169.0
1283699,2019-06-08,0.0,0.0,1.0,1.0,163.0
1283699,2017-05-07,0.0,0.0,0.0,0.0,
1283699,2019-06-22,0.0,0.0,1.0,1.0,149.0
1283699,2020-04-02,1.0,1.0,1.0,4.0,14.0
1283699,2020-04-15,1.0,1.0,1.0,4.0,1.0
1283699,2019-06-08,0.0,0.0,1.0,1.0,163.0
1283699,2019-03-14,1.0,1.0,1.0,2.0,15.0
1283699,2017-05-01,0.0,0.0,0.0,0.0,
1283699,2015-08-17,0.0,0.0,0.0,0.0,
1283699,2018-03-02,0.0,1.0,1.0,2.0,59.0
1283699,2019-08-13,0.0,0.0,1.0,1.0,97.0
1283699,2019-05-09,0.0,0.0,0.0,0.0,
1283699,2012-08-01,1.0,1.0,1.0,2.0,2.0
1283699,2009-02-01,0.0,1.0,1.0,3.0,33.0
5272,2017-07-01,1.0,1.0,1.0,3.0,5.0
5272,2020-10-22,1.0,1.0,1.0,4.0,4.0
70858,2024-01-24,0.0,0.0,1.0,1.0,93.0
1034054,2006-05-01,0.0,0.0,0.0,0.0,
1034054,2019-05-01,0.0,0.0,0.0,0.0,
1034054,2023-07-09,0.0,1.0,1.0,2.0,66.0
1034054,2022-02-10,0.0,1.0,1.0,2.0,47.0
5272,2018-04-24,0.0,0.0,1.0,1.0,104.0
1932393,2022-12-15,1.0,1.0,1.0,5.0,20.0
1932393,2022-12-01,1.0,1.0,1.0,6.0,13.0
96021,2023-01-14,0.0,1.0,1.0,1.0,73.0
1932393,2023-06-03,0.0,0.0,0.0,0.0,
1113169,2023-05-29,0.0,1.0,1.0,2.0,66.0
1113169,2007-12-24,0.0,0.0,0.0,0.0,
1324404,2025-08-09,1.0,1.0,1.0,4.0,30.0
101829,2017-03-09,0.0,0.0,1.0,1.0,140.0
101829,2016-04-18,0.0,1.0,1.0,2.0,52.0
101829,2016-01-01,0.0,1.0,1.0,2.0,38.0
101829,2016-01-04,0.0,1.0,1.0,2.0,35.0
713676,2024-01-21,1.0,1.0,1.0,2.0,30.0
1324404,2024-08-07,0.0,0.0,1.0,1.0,152.0
12927,2016-11-21,1.0,1.0,1.0,1.0,0.0
27904,2024-09-06,0.0,0.0,1.0,2.0,98.0
1001250,2023-05-01,0.0,0.0,1.0,1.0,115.0
1001250,2023-05-30,0.0,1.0,1.0,1.0,86.0
1001250,2023-07-11,0.0,1.0,1.0,1.0,44.0
47111,2023-09-03,0.0,0.0,0.0,0.0,
354950,2014-02-10,1.0,1.0,1.0,1.0,18.0
1932393,2017-10-01,0.0,0.0,0.0,0.0,
91419,2010-04-05,0.0,0.0,1.0,1.0,137.0
1285785,2019-02-06,0.0,0.0,1.0,1.0,107.0
1744489,2008-07-29,0.0,0.0,0.0,0.0,
1755336,2016-08-10,,,,,
1755336,2006-12-01,,,,,
1755336,2017-07-20,,,,,
1755336,2015-01-28,,,,,
1755336,2015-02-19,,,,,
1283699,2017-04-01,0.0,0.0,0.0,0.0,
1283699,2021-02-20,1.0,1.0,1.0,3.0,18.0
1283699,2013-11-01,1.0,1.0,1.0,3.0,7.0
1283699,2023-02-24,1.0,1.0,1.0,4.0,14.0
1283699,2022-11-25,0.0,1.0,1.0,3.0,70.0
1283699,2012-08-28,0.0,1.0,1.0,2.0,36.0
1283699,2022-03-08,0.0,1.0,1.0,1.0,45.0
1283699,2012-05-08,1.0,1.0,1.0,3.0,23.0
1283699,2020-08-31,0.0,1.0,1.0,1.0,73.0
1283699,2009-10-08,0.0,0.0,1.0,1.0,151.0
1283699,2021-03-31,1.0,1.0,1.0,3.0,12.0
1283699,2021-01-18,0.0,1.0,1.0,3.0,51.0
1283699,2020-08-27,0.0,1.0,1.0,1.0,77.0
1283699,2021-01-18,0.0,1.0,1.0,3.0,51.0
1283699,2019-11-26,0.0,1.0,1.0,6.0,85.0
1283699,2023-04-28,0.0,1.0,1.0,4.0,54.0
1283699,2021-08-17,1.0,1.0,1.0,1.0,30.0
1283699,2021-08-26,1.0,1.0,1.0,1.0,21.0
1283699,2015-09-14,0.0,0.0,1.0,1.0,158.0
1283699,2022-11-25,0.0,1.0,1.0,3.0,70.0
1283699,2015-11-04,0.0,0.0,1.0,1.0,107.0
1283699,2019-11-26,0.0,1.0,1.0,6.0,85.0
1283699,2011-10-21,0.0,0.0,1.0,1.0,116.0
1283699,2018-08-20,0.0,1.0,1.0,2.0,74.0
1283699,2015-09-14,0.0,0.0,1.0,1.0,158.0
1283699,2015-10-01,0.0,0.0,1.0,1.0,141.0
1283699,2009-09-03,0.0,0.0,0.0,0.0,
1283699,2017-08-24,0.0,0.0,1.0,1.0,120.0
1283699,2015-09-14,0.0,0.0,1.0,1.0,158.0
1283699,2021-02-12,1.0,1.0,1.0,3.0,26.0
1283699,2009-10-05,0.0,0.0,1.0,1.0,154.0
1283699,2017-09-16,0.0,0.0,1.0,2.0,97.0
1283699,2013-11-26,0.0,1.0,1.0,1.0,85.0
1283699,2015-09-15,0.0,0.0,1.0,1.0,157.0
1283699,2023-02-01,1.0,1.0,1.0,6.0,2.0
1283699,2014-01-02,0.0,1.0,1.0,1.0,48.0
1283699,2021-08-13,0.0,1.0,1.0,1.0,34.0
1283699,2021-03-01,1.0,1.0,1.0,3.0,9.0
1283699,2023-02-01,1.0,1.0,1.0,6.0,2.0
27904,2024-03-04,0.0,1.0,1.0,3.0,53.0
70858,2022-04-29,0.0,0.0,1.0,1.0,138.0
1447669,2022-08-04,1.0,1.0,1.0,2.0,0.0
1447669,2024-04-01,1.0,1.0,1.0,2.0,0.0
1418091,2013-02-01,0.0,0.0,0.0,0.0,
860731,2020-09-21,0.0,0.0,0.0,0.0,
1543151,2014-05-13,0.0,0.0,0.0,0.0,
1543151,2015-03-04,0.0,0.0,0.0,0.0,
1543151,2018-12-06,0.0,0.0,1.0,1.0,169.0
1543151,2023-01-23,0.0,0.0,1.0,1.0,158.0
1543151,2016-10-01,0.0,0.0,0.0,0.0,
1543151,2018-08-30,0.0,0.0,0.0,0.0,
1543151,2016-11-01,0.0,0.0,0.0,0.0,
1543151,2016-06-16,0.0,0.0,0.0,0.0,
1543151,2017-11-01,0.0,0.0,0.0,0.0,
1543151,2014-05-13,0.0,0.0,0.0,0.0,
1543151,2016-10-13,0.0,0.0,0.0,0.0,
1543151,2023-01-23,0.0,0.0,1.0,1.0,158.0
1543151,2019-10-28,0.0,1.0,1.0,3.0,59.0
1543151,2023-03-31,0.0,0.0,1.0,2.0,91.0
1543151,2016-10-01,0.0,0.0,0.0,0.0,
1543151,2024-08-23,0.0,0.0,1.0,1.0,168.0
1543151,2017-12-18,0.0,0.0,0.0,0.0,
1543151,2017-11-28,0.0,0.0,0.0,0.0,
100517,2013-01-01,0.0,0.0,0.0,0.0,
927628,2025-01-07,0.0,1.0,1.0,4.0,31.0
823768,2021-01-21,0.0,1.0,1.0,2.0,39.0
927628,2021-11-16,0.0,1.0,1.0,1.0,83.0
732712,2023-05-11,0.0,0.0,0.0,0.0,
732712,2016-08-10,1.0,1.0,1.0,2.0,22.0
732712,2017-07-20,0.0,1.0,1.0,1.0,76.0
732712,2019-06-03,0.0,0.0,0.0,0.0,
732712,2014-02-26,0.0,0.0,0.0,0.0,
732712,2008-06-27,0.0,0.0,1.0,1.0,96.0
732712,2019-04-24,1.0,1.0,1.0,1.0,15.0
732712,2023-09-21,0.0,0.0,1.0,2.0,125.0
732712,2023-09-21,0.0,0.0,1.0,2.0,125.0
732712,2023-09-21,0.0,0.0,1.0,2.0,125.0
732712,2024-02-09,0.0,0.0,1.0,2.0,104.0
732712,2024-02-06,0.0,0.0,1.0,2.0,107.0
732712,2014-01-20,1.0,1.0,1.0,1.0,22.0
732712,2019-03-12,0.0,1.0,1.0,1.0,58.0
1124610,2015-08-19,0.0,1.0,1.0,4.0,55.0
1124610,2015-07-02,0.0,0.0,1.0,2.0,103.0
70858,2019-08-01,0.0,0.0,0.0,0.0,
1324404,2023-11-01,0.0,0.0,1.0,1.0,96.0
277135,2017-09-26,0.0,1.0,1.0,1.0,78.0
277135,2017-08-23,0.0,0.0,1.0,1.0,112.0
943452,2022-03-15,1.0,1.0,1.0,3.0,22.0
1324404,2018-02-28,0.0,0.0,0.0,0.0,
1755336,2015-11-15,,,,,
1755336,2020-08-05,,,,,
1755336,2020-04-25,,,,,
1755336,2020-09-09,,,,,
1755336,2020-04-01,,,,,
1755336,2022-08-04,,,,,
713676,2023-12-13,0.0,1.0,1.0,2.0,69.0
713676,2020-12-24,0.0,0.0,0.0,0.0,
79282,2024-03-19,1.0,1.0,1.0,2.0,23.0
1283699,2020-11-10,1.0,1.0,1.0,3.0,2.0
1034054,2018-12-18,0.0,0.0,0.0,0.0,
823768,2007-01-10,1.0,1.0,1.0,1.0,21.0
1034054,2023-01-19,0.0,1.0,1.0,2.0,33.0
1327811,2025-08-06,0.0,0.0,0.0,0.0,
1324404,2023-12-28,0.0,1.0,1.0,2.0,39.0
1324404,2023-12-01,0.0,1.0,1.0,1.0,66.0
101829,2023-12-10,1.0,1.0,1.0,2.0,4.0
1932393,2014-08-14,0.0,0.0,0.0,0.0,
1932393,2013-02-22,0.0,0.0,0.0,0.0,
1011006,2014-12-01,0.0,0.0,0.0,0.0,
1011006,2016-08-13,0.0,0.0,1.0,1.0,149.0
1011006,2014-12-01,0.0,0.0,0.0,0.0,
1011006,2013-08-01,0.0,0.0,1.0,1.0,167.0
1011006,2012-07-11,1.0,1.0,1.0,7.0,2.0
1011006,2013-08-01,0.0,0.0,1.0,1.0,167.0
1041061,2023-01-13,0.0,0.0,1.0,1.0,167.0
1713683,2025-08-08,0.0,0.0,0.0,0.0,
1713683,2018-09-01,0.0,1.0,1.0,1.0,39.0
