parent_cik,unmatched_org_names,unmatched_count,breach_years,sec_link,sec_10k_location
20520,Frontier Communications,1,2022,https://www.sec.gov/cgi-bin/browse-edgar?action=getcompany&CIK=20520&type=10-K&dateb=&owner=exclude&count=100,"Find most recent 10-K filing before breach year, then look for Exhibit 21 in the filing"
732712,Verizon,1,2023,https://www.sec.gov/cgi-bin/browse-edgar?action=getcompany&CIK=732712&type=10-K&dateb=&owner=exclude&count=100,"Find most recent 10-K filing before breach year, then look for Exhibit 21 in the filing"
732717,"AT&T Services, Inc.|Cricket Wireless LLC",2,2018|2014,https://www.sec.gov/cgi-bin/browse-edgar?action=getcompany&CIK=732717&type=10-K&dateb=&owner=exclude&count=100,"Find most recent 10-K filing before breach year, then look for Exhibit 21 in the filing"
777676,Oracle Corporation,1,2013,https://www.sec.gov/cgi-bin/browse-edgar?action=getcompany&CIK=777676&type=10-K&dateb=&owner=exclude&count=100,"Find most recent 10-K filing before breach year, then look for Exhibit 21 in the filing"
789019,Microsoft Corporation,1,2017,https://www.sec.gov/cgi-bin/browse-edgar?action=getcompany&CIK=789019&type=10-K&dateb=&owner=exclude&count=100,"Find most recent 10-K filing before breach year, then look for Exhibit 21 in the filing"
1001082,Boost Mobile,1,2019,https://www.sec.gov/cgi-bin/browse-edgar?action=getcompany&CIK=1001082&type=10-K&dateb=&owner=exclude&count=100,"Find most recent 10-K filing before breach year, then look for Exhibit 21 in the filing"
1018724,"Aero Charter, Inc.",1,2020,https://www.sec.gov/cgi-bin/browse-edgar?action=getcompany&CIK=1018724&type=10-K&dateb=&owner=exclude&count=100,"Find most recent 10-K filing before breach year, then look for Exhibit 21 in the filing"
1166691,Comcast,1,2014,https://www.sec.gov/cgi-bin/browse-edgar?action=getcompany&CIK=1166691&type=10-K&dateb=&owner=exclude&count=100,"Find most recent 10-K filing before breach year, then look for Exhibit 21 in the filing"
1283699,Sprint Nextel,1,2012,https://www.sec.gov/cgi-bin/browse-edgar?action=getcompany&CIK=1283699&type=10-K&dateb=&owner=exclude&count=100,"Find most recent 10-K filing before breach year, then look for Exhibit 21 in the filing"
