org_name,cik,match_type,source
AT&T,732717.0,EXACT_UNAMBIGUOUS,SEC name: AT&T INC.
AT&T Inc,732717.0,EXACT_UNAMBIGUOUS,SEC name: AT&T INC.
AT&T Inc.,732717.0,EXACT_UNAMBIGUOUS,SEC name: AT&T INC.
"AT&T, Inc.",732717.0,EXACT_UNAMBIGUOUS,SEC name: AT&T INC.
"Activision Publishing, Inc.",1870564.0,EXACT_UNAMBIGUOUS,"SEC name: ACTIVISION PUBLISHING, INC."
AeroGrow International,,EXACT_AMBIGUOUS,"Multiple CIKs: [1272660, 1316644, 1334121]"
"AeroGrow International, Inc.",,EXACT_AMBIGUOUS,"Multiple CIKs: [1272660, 1316644, 1334121]"
Aladdin Capital,1102487.0,EXACT_UNAMBIGUOUS,SEC name: ALADDIN CAPITAL LLC
Alpha & Omega Semiconductor,1387467.0,EXACT_UNAMBIGUOUS,SEC name: ALPHA & OMEGA SEMICONDUCTOR LTD
Altice USA,1702780.0,EXACT_UNAMBIGUOUS,"SEC name: ALTICE USA, INC."
"Altice USA, Inc.",1702780.0,EXACT_UNAMBIGUOUS,"SEC name: ALTICE USA, INC."
"Altria Group, Inc.",764180.0,EXACT_UNAMBIGUOUS,SEC name: ALTRIA GROUP INC
American Electric Power,,EXACT_AMBIGUOUS,"Multiple CIKs: [4904, 1218721]"
Amgen Inc.,318154.0,EXACT_UNAMBIGUOUS,SEC name: AMGEN INC
Aon Corporation PLC,,EXACT_AMBIGUOUS,"Multiple CIKs: [315293, 1808065]"
Aon PLC,,EXACT_AMBIGUOUS,"Multiple CIKs: [315293, 1808065]"
Apple Inc.,320193.0,EXACT_UNAMBIGUOUS,SEC name: APPLE COMPUTER INC
"Audacy, Inc",1067837.0,EXACT_UNAMBIGUOUS,"SEC name: AUDACY, INC."
"Automatic Data Processing, Inc.",8670.0,EXACT_UNAMBIGUOUS,SEC name: AUTOMATIC DATA PROCESSING INC
Block Inc,1512673.0,EXACT_UNAMBIGUOUS,"SEC name: BLOCK, INC."
"Block, Inc.",1512673.0,EXACT_UNAMBIGUOUS,"SEC name: BLOCK, INC."
"Brown, Lisle/Cummings, Inc.",14745.0,EXACT_UNAMBIGUOUS,"SEC name: BROWN, LISLE/CUMMINGS, INC."
CSX Transportation,88128.0,EXACT_UNAMBIGUOUS,SEC name: CSX TRANSPORTATION INC
"CSX Transportation, Inc.",88128.0,EXACT_UNAMBIGUOUS,SEC name: CSX TRANSPORTATION INC
"Cable One, Inc.",1632127.0,EXACT_UNAMBIGUOUS,"SEC name: CABLE ONE, INC."
"Caesars Entertainment, Inc.",,EXACT_AMBIGUOUS,"Multiple CIKs: [1070794, 1590895]"
Capital Integration Systems LLC,1497060.0,EXACT_UNAMBIGUOUS,SEC name: CAPITAL INTEGRATION SYSTEMS LLC
Carnival Corporation,1584022.0,EXACT_UNAMBIGUOUS,"SEC name: CARNIVAL, INC."
Carnival Corporation & PLC,1125259.0,EXACT_UNAMBIGUOUS,SEC name: CARNIVAL PLC
Carnival Corporation & plc,1125259.0,EXACT_UNAMBIGUOUS,SEC name: CARNIVAL PLC
"Cencora, Inc.",1140859.0,EXACT_UNAMBIGUOUS,SEC name: AMERISOURCE BERGEN CORP
CenturyLink,18926.0,EXACT_UNAMBIGUOUS,SEC name: CENTURY TELEPHONE ENTERPRISES INC
Change Healthcare Inc.,1756497.0,EXACT_UNAMBIGUOUS,SEC name: CHANGE HEALTHCARE INC.
"Chart Industries, Inc.",892553.0,EXACT_UNAMBIGUOUS,SEC name: CHART INDUSTRIES INC
Charter Communications,,EXACT_AMBIGUOUS,"Multiple CIKs: [19392, 1686835]"
"Charter Communications, Inc.",,EXACT_AMBIGUOUS,"Multiple CIKs: [19392, 1686835]"
"Cisco Systems, Inc.",858877.0,EXACT_UNAMBIGUOUS,SEC name: CISCO SYSTEMS INC
Citrix Systems,877890.0,EXACT_UNAMBIGUOUS,SEC name: CITRIX SYSTEMS INC
Citrix Systems Inc.,877890.0,EXACT_UNAMBIGUOUS,SEC name: CITRIX SYSTEMS INC
"Citrix Systems, Inc.",877890.0,EXACT_UNAMBIGUOUS,SEC name: CITRIX SYSTEMS INC
Comcast Cable Communications LLC,1040573.0,EXACT_UNAMBIGUOUS,SEC name: COMCAST CABLE COMMUNICATIONS INC
"Comcast Cable Communications, Inc.",1040573.0,EXACT_UNAMBIGUOUS,SEC name: COMCAST CABLE COMMUNICATIONS INC
Communications & Power Industries LLC,1000564.0,EXACT_UNAMBIGUOUS,SEC name: COMMUNICATIONS & POWER INDUSTRIES INC
Consolidated Edison Company of New York LLC,23632.0,EXACT_UNAMBIGUOUS,SEC name: CONSOLIDATED EDISON CO OF NEW YORK INC
"Corebridge Financial, Inc.",1889539.0,EXACT_UNAMBIGUOUS,"SEC name: COREBRIDGE FINANCIAL, INC."
CrowdStrike Holdings Inc.,1535527.0,EXACT_UNAMBIGUOUS,"SEC name: CROWDSTRIKE HOLDINGS, INC."
"CrowdStrike Holdings, Inc.",1535527.0,EXACT_UNAMBIGUOUS,"SEC name: CROWDSTRIKE HOLDINGS, INC."
Crown Castle,1051470.0,EXACT_UNAMBIGUOUS,SEC name: CROWN CASTLE INC.
"CyrusOne, Inc.",,EXACT_AMBIGUOUS,"Multiple CIKs: [1553023, 1575809, 1575810]"
DISH Network Corporation,920436.0,EXACT_UNAMBIGUOUS,SEC name: DISH NETWORK LLC
"DISH Network, LLC",920436.0,EXACT_UNAMBIGUOUS,SEC name: DISH NETWORK LLC
Dell Inc.,826083.0,EXACT_UNAMBIGUOUS,SEC name: DELL COMPUTER CORP
"Delta Air Lines, Inc.",27904.0,EXACT_UNAMBIGUOUS,SEC name: DELTA AIR LINES INC /DE/
DoorDash Inc.,1792789.0,EXACT_UNAMBIGUOUS,SEC name: DOORDASH INC
"Eagle Capital Management, LLC",,EXACT_AMBIGUOUS,"Multiple CIKs: [945631, 1600746]"
EatStreet,1560142.0,EXACT_UNAMBIGUOUS,"SEC name: EATSTREET, INC."
Entercom Communications Corp.,1067837.0,EXACT_UNAMBIGUOUS,"SEC name: AUDACY, INC."
"Equifax, Inc.",33185.0,EXACT_UNAMBIGUOUS,SEC name: EQUIFAX INC
"Essex Property Trust, Inc.",920522.0,EXACT_UNAMBIGUOUS,SEC name: ESSEX PORTFOLIO LP
Facebook,1326801.0,EXACT_UNAMBIGUOUS,SEC name: FACEBOOK INC
"Facebook, Inc.",1326801.0,EXACT_UNAMBIGUOUS,SEC name: FACEBOOK INC
"FedEx Ground Package System, Inc.",,EXACT_AMBIGUOUS,"Multiple CIKs: [1139209, 1139210]"
"Fidelity National Information Services, Inc.",,EXACT_AMBIGUOUS,"Multiple CIKs: [1136893, 1291080]"
Fiserv,798354.0,EXACT_UNAMBIGUOUS,SEC name: FISERV INC
"Fiserv, Inc.",798354.0,EXACT_UNAMBIGUOUS,SEC name: FISERV INC
Fox Entertainment Group,,EXACT_AMBIGUOUS,"Multiple CIKs: [1068002, 1321244]"
Fox Entertainment Group Inc.,,EXACT_AMBIGUOUS,"Multiple CIKs: [1068002, 1321244]"
Fox Group,1145813.0,EXACT_UNAMBIGUOUS,SEC name: FOX GROUP INC
Freeport-McMoRan Inc.,,EXACT_AMBIGUOUS,"Multiple CIKs: [351116, 831259]"
"Frontier Communications Parent, Inc.",20520.0,EXACT_UNAMBIGUOUS,SEC name: CITIZENS COMMUNICATIONS CO
"General Mills, Inc.",40704.0,EXACT_UNAMBIGUOUS,SEC name: GENERAL MILLS INC
Global Payments Inc.,1123360.0,EXACT_UNAMBIGUOUS,SEC name: GLOBAL PAYMENTS INC
"Global Payments, Inc.",1123360.0,EXACT_UNAMBIGUOUS,SEC name: GLOBAL PAYMENTS INC
GoDaddy,1609711.0,EXACT_UNAMBIGUOUS,SEC name: GODADDY INC.
Google,,EXACT_AMBIGUOUS,"Multiple CIKs: [1136101, 1288776, 1302837, 1824723]"
Google Inc.,,EXACT_AMBIGUOUS,"Multiple CIKs: [1136101, 1288776, 1302837, 1824723]"
"Google, Inc.",,EXACT_AMBIGUOUS,"Multiple CIKs: [1136101, 1288776, 1302837, 1824723]"
Gray Television,43196.0,EXACT_UNAMBIGUOUS,SEC name: GRAY COMMUNICATIONS SYSTEMS INC /GA/
Gray Television Inc,43196.0,EXACT_UNAMBIGUOUS,SEC name: GRAY COMMUNICATIONS SYSTEMS INC /GA/
"Gray Television, Inc.",43196.0,EXACT_UNAMBIGUOUS,SEC name: GRAY COMMUNICATIONS SYSTEMS INC /GA/
"HBP, Inc.",1168812.0,EXACT_UNAMBIGUOUS,SEC name: HBP INC
"Henry Schein, Inc.",1000228.0,EXACT_UNAMBIGUOUS,SEC name: HENRY SCHEIN INC
"Herbalife International of America, Inc.",1205274.0,EXACT_UNAMBIGUOUS,SEC name: HERBALIFE INTERNATIONAL OF AMERICA INC
Hewlett Packard Company,47217.0,EXACT_UNAMBIGUOUS,SEC name: HEWLETT PACKARD CO
Hewlett Packard Enterprise Company,1645590.0,EXACT_UNAMBIGUOUS,SEC name: HEWLETT PACKARD ENTERPRISE CO
Hewlett-Packard Company,47217.0,EXACT_UNAMBIGUOUS,SEC name: HEWLETT PACKARD CO
Home Box Office,1457937.0,EXACT_UNAMBIGUOUS,"SEC name: HOME BOX OFFICE, INC."
"Home Box Office, Inc.",1457937.0,EXACT_UNAMBIGUOUS,"SEC name: HOME BOX OFFICE, INC."
Honeywell International Inc.,773840.0,EXACT_UNAMBIGUOUS,SEC name: ALLIED SIGNAL INC
"Honeywell International, Inc.",773840.0,EXACT_UNAMBIGUOUS,SEC name: ALLIED SIGNAL INC
"Huntington Ingalls Industries, Inc.",1501585.0,EXACT_UNAMBIGUOUS,"SEC name: HUNTINGTON INGALLS INDUSTRIES, INC."
"IMA Financial Group, Inc.",1673769.0,EXACT_UNAMBIGUOUS,"SEC name: IMA FINANCIAL GROUP, INC."
International Paper Company,1283246.0,EXACT_UNAMBIGUOUS,SEC name: INTERNATIONAL PAPER CO
Intuit,896878.0,EXACT_UNAMBIGUOUS,SEC name: INTUIT INC
Intuit Inc,896878.0,EXACT_UNAMBIGUOUS,SEC name: INTUIT INC
Intuit Inc.,896878.0,EXACT_UNAMBIGUOUS,SEC name: INTUIT INC
"Intuit, Inc.",896878.0,EXACT_UNAMBIGUOUS,SEC name: INTUIT INC
"J.B. Hunt Transport, Inc.",1501362.0,EXACT_UNAMBIGUOUS,"SEC name: J.B. HUNT TRANSPORT, INC."
KeraLink International,1826210.0,EXACT_UNAMBIGUOUS,"SEC name: KERALINK INTERNATIONAL, INC."
LPL Financial LLC,,EXACT_AMBIGUOUS,"Multiple CIKs: [80386, 1403438]"
"Leidos, Inc.",353394.0,EXACT_UNAMBIGUOUS,"SEC name: LEIDOS, INC."
MGM Resorts International,789570.0,EXACT_UNAMBIGUOUS,SEC name: MGM GRAND INC
MSX International Inc.,,EXACT_AMBIGUOUS,"Multiple CIKs: [1059274, 1264091]"
"Marriott International, Inc.",905036.0,EXACT_UNAMBIGUOUS,SEC name: MARRIOTT INTERNATIONAL INC
"Marsh & McLennan Companies, Inc.",62709.0,EXACT_UNAMBIGUOUS,SEC name: MARSH & MCLENNAN COMPANIES INC
Mediant Communications Inc.,1567336.0,EXACT_UNAMBIGUOUS,SEC name: MEDIANT COMMUNICATIONS INC.
"Motorola, Inc.",68505.0,EXACT_UNAMBIGUOUS,SEC name: MOTOROLA INC
NBCUniversal,1512267.0,EXACT_UNAMBIGUOUS,"SEC name: NBCUNIVERSAL, LLC"
"NCO Financial Systems, Inc.",1396897.0,EXACT_UNAMBIGUOUS,"SEC name: NCO FINANCIAL SYSTEMS, INC."
"National Presto Industries, Inc.",80172.0,EXACT_UNAMBIGUOUS,SEC name: NATIONAL PRESTO INDUSTRIES INC
"NextGen Healthcare, Inc.",708818.0,EXACT_UNAMBIGUOUS,"SEC name: NEXTGEN HEALTHCARE, INC."
Nuance Communications Inc,,EXACT_AMBIGUOUS,"Multiple CIKs: [1002517, 1102556]"
"Nuance Communications, Inc.",,EXACT_AMBIGUOUS,"Multiple CIKs: [1002517, 1102556]"
"Oceaneering International, Inc.",73756.0,EXACT_UNAMBIGUOUS,SEC name: OCEANEERING INTERNATIONAL INC
Okta Inc,1660134.0,EXACT_UNAMBIGUOUS,"SEC name: OKTA, INC."
"Okta, Inc",1660134.0,EXACT_UNAMBIGUOUS,"SEC name: OKTA, INC."
"Okta, Inc.",1660134.0,EXACT_UNAMBIGUOUS,"SEC name: OKTA, INC."
PACCAR,75362.0,EXACT_UNAMBIGUOUS,SEC name: PACCAR INC
Paramount Global,813828.0,EXACT_UNAMBIGUOUS,SEC name: CBS CORP
PayPal Inc.,1103415.0,EXACT_UNAMBIGUOUS,SEC name: PAYPAL INC
"PayPal, Inc.",1103415.0,EXACT_UNAMBIGUOUS,SEC name: PAYPAL INC
"PepsiCo, Inc.",77476.0,EXACT_UNAMBIGUOUS,SEC name: PEPSICO INC
Pfizer Inc,78003.0,EXACT_UNAMBIGUOUS,SEC name: PFIZER INC
Prime Communications,1570434.0,EXACT_UNAMBIGUOUS,SEC name: PRIME COMMUNICATIONS INC
"Professional Compounding Centers of America, Inc.",1558044.0,EXACT_UNAMBIGUOUS,"SEC name: PROFESSIONAL COMPOUNDING CENTERS OF AMERICA, INC."
"Regeneron Pharmaceuticals, Inc.",872589.0,EXACT_UNAMBIGUOUS,SEC name: REGENERON PHARMACEUTICALS INC
Republic Services,1060391.0,EXACT_UNAMBIGUOUS,SEC name: REPUBLIC SERVICES INC
"Republic Services, Inc",1060391.0,EXACT_UNAMBIGUOUS,SEC name: REPUBLIC SERVICES INC
"Republic Services, Inc.",1060391.0,EXACT_UNAMBIGUOUS,SEC name: REPUBLIC SERVICES INC
Roku Inc,,EXACT_AMBIGUOUS,"Multiple CIKs: [1350999, 1428439]"
Roku Inc.,,EXACT_AMBIGUOUS,"Multiple CIKs: [1350999, 1428439]"
"Roku, Inc.",,EXACT_AMBIGUOUS,"Multiple CIKs: [1350999, 1428439]"
Salesforce.com,1108524.0,EXACT_UNAMBIGUOUS,SEC name: SALESFORCE COM INC
Seagate Technology LLC,,EXACT_AMBIGUOUS,"Multiple CIKs: [354952, 1137781, 1137789, 1554935]"
Seagate US LLC,1137785.0,EXACT_UNAMBIGUOUS,SEC name: SEAGATE US LLC
ServiceNow Inc.,1373715.0,EXACT_UNAMBIGUOUS,SEC name: SERVICE-NOW.COM
Sierra Pacific Industries,90143.0,EXACT_UNAMBIGUOUS,SEC name: SIERRA PACIFIC INDUSTRIES
"Sinclair Broadcast Group, Inc",912752.0,EXACT_UNAMBIGUOUS,SEC name: SINCLAIR BROADCAST GROUP INC
"Sinclair Broadcast Group, Inc.",912752.0,EXACT_UNAMBIGUOUS,SEC name: SINCLAIR BROADCAST GROUP INC
Sirius XM Radio Inc,,EXACT_AMBIGUOUS,"Multiple CIKs: [908937, 1592709]"
Sirius XM Radio Inc.,,EXACT_AMBIGUOUS,"Multiple CIKs: [908937, 1592709]"
"Sirius XM Radio, Inc.",,EXACT_AMBIGUOUS,"Multiple CIKs: [908937, 1592709]"
Snap Inc.,,EXACT_AMBIGUOUS,"Multiple CIKs: [1282388, 1564408, 1652940]"
"Snap-on, Inc.",91440.0,EXACT_UNAMBIGUOUS,SEC name: SNAP ON INC
Snowflake Inc.,1640147.0,EXACT_UNAMBIGUOUS,"SEC name: SNOWFLAKE COMPUTING, INC."
Southwest Airlines Co.,92380.0,EXACT_UNAMBIGUOUS,SEC name: SOUTHWEST AIRLINES CO
Sprint,101830.0,EXACT_UNAMBIGUOUS,SEC name: SPRINT CORP
Sprint Corporation,101830.0,EXACT_UNAMBIGUOUS,SEC name: SPRINT CORP
"T-Mobile US, Inc.",1283699.0,EXACT_UNAMBIGUOUS,SEC name: METROPCS COMMUNICATIONS INC
T-Mobile USA,,EXACT_AMBIGUOUS,"Multiple CIKs: [1097609, 1578078]"
T-Mobile USA Inc,,EXACT_AMBIGUOUS,"Multiple CIKs: [1097609, 1578078]"
T-Mobile USA Inc.,,EXACT_AMBIGUOUS,"Multiple CIKs: [1097609, 1578078]"
"T-Mobile USA, Inc.",,EXACT_AMBIGUOUS,"Multiple CIKs: [1097609, 1578078]"
"T-Mobile, USA",,EXACT_AMBIGUOUS,"Multiple CIKs: [1097609, 1578078]"
"T. Rowe Price Retirement Plan Services, Inc.",1387793.0,EXACT_UNAMBIGUOUS,"SEC name: T. ROWE PRICE RETIREMENT PLAN SERVICES, INC."
The Boeing Company,12927.0,EXACT_UNAMBIGUOUS,SEC name: BOEING CO
The Hershey Company,47111.0,EXACT_UNAMBIGUOUS,SEC name: HERSHEY CO
The Home Depot,354950.0,EXACT_UNAMBIGUOUS,SEC name: HOME DEPOT INC
The J.M. Smucker Company,,EXACT_AMBIGUOUS,"Multiple CIKs: [91419, 1532058, 1553211]"
The Walt Disney Company,,EXACT_AMBIGUOUS,"Multiple CIKs: [926480, 1001039, 1744489]"
"The iRemedy Healthcare Companies, Inc.",1691249.0,EXACT_UNAMBIGUOUS,"SEC name: IREMEDY HEALTHCARE COMPANIES, INC."
Time Warner Inc.,,EXACT_AMBIGUOUS,"Multiple CIKs: [736157, 1021387, 1105705]"
Twilio,1447669.0,EXACT_UNAMBIGUOUS,SEC name: TWILIO INC
"Twitter, Inc.",1418091.0,EXACT_UNAMBIGUOUS,SEC name: TWITTER INC
"Tyler Technologies, Inc.",860731.0,EXACT_UNAMBIGUOUS,SEC name: TYLER CORP /NEW/
Uber,1431473.0,EXACT_UNAMBIGUOUS,SEC name: UBER INC
Uber Technologies,1543151.0,EXACT_UNAMBIGUOUS,"SEC name: UBER TECHNOLOGIES, INC"
Uber Technologies Inc,1543151.0,EXACT_UNAMBIGUOUS,"SEC name: UBER TECHNOLOGIES, INC"
Uber Technologies Inc.,1543151.0,EXACT_UNAMBIGUOUS,"SEC name: UBER TECHNOLOGIES, INC"
"Uber Technologies, Inc.",1543151.0,EXACT_UNAMBIGUOUS,"SEC name: UBER TECHNOLOGIES, INC"
United Airlines,319687.0,EXACT_UNAMBIGUOUS,SEC name: CONTINENTAL AIRLINES INC /DE/
"VMware, Inc.",1124610.0,EXACT_UNAMBIGUOUS,SEC name: VMWARE LLC
Verizon Communications,732712.0,EXACT_UNAMBIGUOUS,SEC name: BELL ATLANTIC CORP
Verizon Communications Inc,732712.0,EXACT_UNAMBIGUOUS,SEC name: BELL ATLANTIC CORP
Verizon Communications Inc.,732712.0,EXACT_UNAMBIGUOUS,SEC name: BELL ATLANTIC CORP
Vmware Inc,1124610.0,EXACT_UNAMBIGUOUS,SEC name: VMWARE LLC
"Volkswagen Group of America, Inc.",1834695.0,EXACT_UNAMBIGUOUS,"SEC name: VOLKSWAGEN GROUP OF AMERICA, INC."
Vulcan Industries,1260451.0,EXACT_UNAMBIGUOUS,SEC name: VULCAN INDUSTRIES INC
W.W. Grainger Inc.,,EXACT_AMBIGUOUS,"Multiple CIKs: [277135, 1170725]"
"W.W. Grainger, Inc.",,EXACT_AMBIGUOUS,"Multiple CIKs: [277135, 1170725]"
"Warn Industries, Inc.",1984463.0,EXACT_UNAMBIGUOUS,"SEC name: WARN INDUSTRIES, INC."
Warner Music Group,1309952.0,EXACT_UNAMBIGUOUS,SEC name: WARNER MUSIC GROUP INC
Warner Music Group Corp,1319161.0,EXACT_UNAMBIGUOUS,SEC name: WARNER MUSIC GROUP CORP.
WillScot Mobile Mini Holdings Corp.,1647088.0,EXACT_UNAMBIGUOUS,SEC name: DOUBLE EAGLE ACQUISITION CORP.
Workday Inc.,1327811.0,EXACT_UNAMBIGUOUS,SEC name: NORTH TAHOE POWER TOOLS INC
Yahoo,,EXACT_AMBIGUOUS,"Multiple CIKs: [1011006, 1426140, 1962736]"
Yahoo Inc.,,EXACT_AMBIGUOUS,"Multiple CIKs: [1011006, 1426140, 1962736]"
Yahoo! Inc.,,EXACT_AMBIGUOUS,"Multiple CIKs: [1011006, 1426140, 1962736]"
"Yahoo, Inc.",,EXACT_AMBIGUOUS,"Multiple CIKs: [1011006, 1426140, 1962736]"
"Yum! Brands, Inc.",1041061.0,EXACT_UNAMBIGUOUS,SEC name: TRICON GLOBAL RESTAURANTS INC
Zscaler Inc.,1713683.0,EXACT_UNAMBIGUOUS,"SEC name: ZSCALER, INC."
"Zscaler, Inc.",1713683.0,EXACT_UNAMBIGUOUS,"SEC name: ZSCALER, INC."
"iHeartMedia + Entertainment, Inc.",1457738.0,EXACT_UNAMBIGUOUS,"SEC name: CLEAR CHANNEL BROADCASTING, INC."
salesforce.com,1108524.0,EXACT_UNAMBIGUOUS,SEC name: SALESFORCE COM INC
Boost Mobile,1001082.0,SUBSIDIARY_RESOLUTION,Known subsidiary → DISH Network Corporation
Sprint Business,1283699.0,SUBSIDIARY_RESOLUTION,"Known subsidiary → T-Mobile US, Inc."
Sprint Nextel,1283699.0,SUBSIDIARY_RESOLUTION,"Known subsidiary → T-Mobile US, Inc."
