sample_id,org_name,treated,breach_date,filing_date,days_after_breach,items,accession,local_file,departure_related (Y/N),role_if_departure,notes
1,CenturyLink,1,2013-12-27,2014-06-02,157,"5.02,5.03,5.07,9.01",0001193125-14-221590,01_18926_0001193125-14-221590_d734946d8k.htm,,,
2,Frontier Communications,1,2022-02-24,2022-06-24,120,5.02,0001140361-22-023997,02_20520_0001140361-22-023997_brhc10039037_8k.htm,,,
3,"Frontier Communications Parent, Inc.",1,2023-12-18,2024-05-20,154,"5.02,5.07,9.01",0001140361-24-026861,03_20520_0001140361-24-026861_ef20029460_8k.htm,,,
4,"Frontier Communications Parent, Inc.",1,2023-12-18,2024-02-05,49,"5.02,7.01,9.01",0000950157-24-000104,04_20520_0000950157-24-000104_form8-k.htm,,,
5,Nucor Corporation,0,2023-05-26,2023-08-08,74,"5.02,9.01",0001193125-23-206313,05_73309_0001193125-23-206313_d496129d8k.htm,,,
6,PACCAR,0,2018-01-22,2018-05-04,102,"5.02,5.03,5.07,9.01",0001193125-18-152947,06_75362_0001193125-18-152947_d555135d8k.htm,,,
7,PACCAR,0,2018-01-22,2018-02-16,25,"5.02,9.01",0001193125-18-048187,07_75362_0001193125-18-048187_d518625d8k.htm,,,
8,Parker-Hannifin Corporation,0,2022-03-11,2022-07-28,139,5.02,0001193125-22-204998,08_76334_0001193125-22-204998_d319781d8k.htm,,,
9,Pfizer Inc,0,2006-12-01,2007-05-23,173,5.02,0000078003-07-000122,09_78003_0000078003-07-000122_pf8k0518.htm,,,
10,Sprint Nextel,1,2012-08-01,2012-11-20,111,"5.02,8.01,9.01",0000101830-12-000110,10_101830_0000101830-12-000110_a8-k20121120.htm,,,
11,Sprint Corporation,1,2015-08-17,2015-10-15,59,5.02,0000101830-15-000030,11_101830_0000101830-15-000030_schwartzform8-k.htm,,,
12,Sprint Corporation,1,2018-03-02,2018-07-02,122,"5.02,9.01",0000101830-18-000029,12_101830_0000101830-18-000029_form8-k20180629.htm,,,
13,Apple Inc.,0,2015-07-01,2015-12-17,169,5.02,0001193125-15-406279,13_320193_0001193125-15-406279_d107635d8k.htm,,,
14,The Home Depot,0,2014-02-10,2014-02-28,18,"5.02,9.01",0000354950-14-000006,14_354950_0000354950-14-000006_hd_8kx02272014.htm,,,
15,Verizon,1,2008-06-27,2008-10-01,96,5.02,0001193125-08-204660,15_732712_0001193125-08-204660_d8k.htm,,,
16,Verizon Corporate Services Group Inc.,1,2014-01-20,2014-02-11,22,5.02,0001193125-14-045399,16_732712_0001193125-14-045399_d675217d8k.htm,,,
17,Verizon,1,2016-08-10,2016-09-01,22,"5.02,9.01",0001193125-16-699639,17_732712_0001193125-16-699639_d145813d8k.htm,,,
18,Verizon Communications Inc.,1,2023-09-21,2024-02-02,134,5.02,0001193125-24-022476,18_732712_0001193125-24-022476_d745812d8k.htm,,,
19,AT&T,1,2013-11-05,2013-12-12,37,"5.02,9.01",0000732717-13-000101,19_732717_0000732717-13-000101_hrc8k.htm,,,
20,AT&T,1,2014-02-01,2014-06-30,149,5.02,0000732717-14-000094,20_732717_0000732717-14-000094_form8k.htm,,,
21,Adobe Systems Incorporated,0,2019-10-19,2020-04-10,174,"5.02,5.07",0000796343-20-000085,21_796343_0000796343-20-000085_adbe8-k041020.htm,,,
22,Adobe Systems Incorporated,0,2019-10-19,2020-01-30,103,"5.02,9.01",0000796343-20-000040,22_796343_0000796343-20-000040_adbe8-k13020.htm,,,
23,"Cisco Systems, Inc.",0,2012-03-26,2012-09-19,177,"5.02,8.01",0001193125-12-396875,23_858877_0001193125-12-396875_d413605d8k.htm,,,
24,Intuit,0,2008-09-24,2008-12-19,86,"5.02,8.01,9.01",0000950134-08-022449,24_896878_0000950134-08-022449_f50905e8vk.htm,,,
25,Intuit Inc.,0,2018-02-06,2018-05-22,105,"2.02,5.02,8.01,9.01",0000896878-18-000073,25_896878_0000896878-18-000073_fy18q3earnings8-kshell.htm,,,
26,Intuit Inc.,0,2018-03-14,2018-08-23,162,"2.02,5.02,8.01,9.01",0000896878-18-000162,26_896878_0000896878-18-000162_fy18q4earnings8-kshell.htm,,,
27,Intuit Inc.,0,2023-12-01,2024-05-02,153,"5.02,9.01",0000896878-24-000021,27_896878_0000896878-24-000021_intu-20240502.htm,,,
28,Crown Castle,0,2013-10-31,2014-02-21,113,"5.02,7.01,9.01",0001193125-14-062781,28_1051470_0001193125-14-062781_d681431d8k.htm,,,
29,"Charter Communications, Inc.",1,2013-04-26,2013-05-02,6,5.02,0001091667-13-000058,29_1091667_0001091667-13-000058_chtr51138-k.htm,,,
30,Charter Communications,1,2022-12-21,2023-02-24,65,"5.02,9.01",0001091667-23-000034,30_1091667_0001091667-23-000034_chtr-20230222.htm,,,
31,"Fidelity National Information Services, Inc.",0,2007-09-24,2007-11-16,53,5.02,0000892569-07-001428,31_1136893_0000892569-07-001428_a35843e8vk.htm,,,
32,"Fidelity National Information Services, Inc.",0,2023-05-01,2023-08-22,113,"5.02,9.01",0001193125-23-218012,32_1136893_0001193125-23-218012_d534612d8k.htm,,,
33,"Fidelity National Information Services, Inc.",0,2023-09-08,2024-02-01,146,"1.01,2.01,5.02,7.01,9.01",0001193125-24-021392,33_1136893_0001193125-24-021392_d761353d8k.htm,,,
34,"Cencora, Inc.",0,2024-02-21,2024-03-15,23,"5.02,9.01",0001104659-24-035045,34_1140859_0001104659-24-035045_tm248865d1_8ka.htm,,,
35,NBC Sports Group,0,2012-08-24,2012-09-14,21,"5.02,9.01",0001193125-12-392575,35_1166691_0001193125-12-392575_d412146d8k.htm,,,
36,"T-Mobile USA, Inc.",1,2015-09-14,2016-02-19,158,5.02,0001193125-16-470124,36_1283699_0001193125-16-470124_d145133d8k.htm,,,
37,T-Mobile USA,1,2019-11-26,2020-04-24,150,5.02,0001193125-20-119230,37_1283699_0001193125-20-119230_d912727d8k.htm,,,
38,T-Mobile USA,1,2019-11-26,2020-04-16,142,5.02,0001193125-20-109354,38_1283699_0001193125-20-109354_d883806d8k.htm,,,
39,T-Mobile USA,1,2019-11-26,2020-02-19,85,5.02,0001193125-20-041926,39_1283699_0001193125-20-041926_d888203d8k.htm,,,
40,T-Mobile,1,2021-01-18,2021-04-12,84,"5.02,7.01,8.01,9.01",0001193125-21-113210,40_1283699_0001193125-21-113210_d910799d8k.htm,,,
41,T-Mobile,1,2021-01-18,2021-03-10,51,5.02,0001193125-21-076354,41_1283699_0001193125-21-076354_d152529d8k.htm,,,
42,T-Mobile USA,1,2022-11-25,2023-02-03,70,5.02,0001193125-23-024130,42_1283699_0001193125-23-024130_d634006d8k.htm,,,
43,ServiceNow Inc.,0,2024-05-14,2024-10-23,162,"2.02,5.02,9.01",0001373715-24-000342,43_1373715_0001373715-24-000342_now-20241021.htm,,,
44,"Uber Technologies, Inc.",0,2023-03-31,2023-08-01,123,"1.01,2.02,2.03,5.02,9.01",0001543151-23-000021,44_1543151_0001543151-23-000021_uber-20230728.htm,,,
45,"Uber Technologies, Inc.",0,2024-08-23,2025-02-07,168,5.02,0001552781-25-000025,45_1543151_0001552781-25-000025_e25038_uber-8k.htm,,,
46,"Caesars Entertainment, Inc.",0,2023-08-23,2024-01-30,160,5.02,0001590895-24-000004,46_1590895_0001590895-24-000004_czr-20240126.htm,,,
47,"GoDaddy.com, LLC",1,2021-09-06,2022-01-26,142,"5.02,9.01",0001609711-22-000011,47_1609711_0001609711-22-000011_gddy-20220103.htm,,,
48,"GoDaddy.com, LLC",1,2022-03-14,2022-07-08,116,"5.02,5.03,9.01",0001609711-22-000092,48_1609711_0001609711-22-000092_gddy-20220707.htm,,,
49,Hewlett Packard Enterprise Company,0,2023-12-12,2024-02-08,58,5.02,0001645590-24-000016,49_1645590_0001645590-24-000016_hpe-20240206.htm,,,
50,Hewlett Packard Enterprise Company,0,2023-12-12,2024-01-23,42,"5.02,7.01,9.01",0001645590-24-000004,50_1645590_0001645590-24-000004_hpe-20240117.htm,,,
