nk,org_name,norm_name,breach_date,cik,car_canon,fcc_canon,in_crsp,in_reg
AT T|2024-03-17,AT&T,AT T,2024-03-17,732717,2.4048,1.0,True,True
AT T|2024-03-17,AT&T Inc.,AT T,2024-03-17,732717,2.4048,1.0,True,True
BLOCK|2023-01-12,Block Inc,BLOCK,2023-01-12,1512673,5.7309,0.0,True,False
BLOCK|2023-01-12,"Block, Inc.",BLOCK,2023-01-12,1512673,5.7309,0.0,True,False
CITRIX SYSTEMS|2018-10-13,Citrix Systems,CITRIX SYSTEMS,2018-10-13,877890,7.1896,0.0,True,True
CITRIX SYSTEMS|2018-10-13,Citrix Systems Inc.,CITRIX SYSTEMS,2018-10-13,877890,7.1896,0.0,True,True
CITRIX SYSTEMS|2018-10-13,"Citrix Systems, Inc.",CITRIX SYSTEMS,2018-10-13,877890,7.1896,0.0,True,True
DISH NETWORK|2023-02-23,DISH Network Corporation,DISH NETWORK,2023-02-23,1001082,-39.3194,0.0,True,True
DISH NETWORK|2023-02-23,"DISH Network, LLC",DISH NETWORK,2023-02-23,1001082,-39.3194,0.0,True,True
GOOGLE|2016-08-10,Google,GOOGLE,2016-08-10,1652044,-0.1033,0.0,True,False
GOOGLE|2016-08-10,Google Inc.,GOOGLE,2016-08-10,1652044,-0.1033,0.0,True,False
HOME BOX OFFICE|2017-05-15,Home Box Office,HOME BOX OFFICE,2017-05-15,1755336,,0.0,False,False
HOME BOX OFFICE|2017-05-15,"Home Box Office, Inc.",HOME BOX OFFICE,2017-05-15,1755336,,0.0,False,False
HONEYWELL INTERNATIONAL|2023-05-27,Honeywell International Inc.,HONEYWELL INTERNATIONAL,2023-05-27,773840,0.2521,0.0,True,True
HONEYWELL INTERNATIONAL|2023-05-27,"Honeywell International, Inc.",HONEYWELL INTERNATIONAL,2023-05-27,773840,0.2521,0.0,True,True
INTUIT|2016-02-24,Intuit,INTUIT,2016-02-24,896878,-0.5662,0.0,True,True
INTUIT|2016-02-24,Intuit Inc.,INTUIT,2016-02-24,896878,-0.5662,0.0,True,True
INTUIT|2017-02-28,Intuit,INTUIT,2017-02-28,896878,-5.068,0.0,True,True
INTUIT|2017-02-28,Intuit Inc.,INTUIT,2017-02-28,896878,-5.068,0.0,True,True
NUANCE COMMUNICATIONS|2023-05-28,Nuance Communications Inc,NUANCE COMMUNICATIONS,2023-05-28,1034054,1.5181,0.0,True,True
NUANCE COMMUNICATIONS|2023-05-28,"Nuance Communications, Inc.",NUANCE COMMUNICATIONS,2023-05-28,1034054,1.5181,0.0,True,True
OKTA|2023-09-23,"Okta, Inc",OKTA,2023-09-23,1660134,-13.4875,0.0,True,True
OKTA|2023-09-23,"Okta, Inc.",OKTA,2023-09-23,1660134,-13.4875,0.0,True,True
ROKU|2023-12-28,Roku Inc,ROKU,2023-12-28,1428439,1.7386,0.0,True,True
ROKU|2023-12-28,"Roku, Inc.",ROKU,2023-12-28,1428439,1.7386,0.0,True,True
SALESFORCE COM|2008-02-07,Salesforce.com,SALESFORCE COM,2008-02-07,1108524,23.1406,0.0,True,True
SALESFORCE COM|2008-02-07,salesforce.com,SALESFORCE COM,2008-02-07,1108524,23.1406,0.0,True,True
SINCLAIR BROADCAST GROUP|2021-06-23,"Sinclair Broadcast Group, Inc",SINCLAIR BROADCAST GROUP,2021-06-23,912752,-10.6636,0.0,True,True
SINCLAIR BROADCAST GROUP|2021-06-23,"Sinclair Broadcast Group, Inc.",SINCLAIR BROADCAST GROUP,2021-06-23,912752,-10.6636,0.0,True,True
SIRIUS XM RADIO|2016-10-31,Sirius XM Radio Inc,SIRIUS XM RADIO,2016-10-31,908937,3.3302,0.0,True,True
SIRIUS XM RADIO|2016-10-31,Sirius XM Radio Inc.,SIRIUS XM RADIO,2016-10-31,908937,3.3302,0.0,True,True
SONY INTERACTIVE ENTERTAINMENT|2023-05-28,Sony Interactive Entertainment,SONY INTERACTIVE ENTERTAINMENT,2023-05-28,313838,-11.8152,0.0,True,True
SONY INTERACTIVE ENTERTAINMENT|2023-05-28,Sony Interactive Entertainment LLC,SONY INTERACTIVE ENTERTAINMENT,2023-05-28,313838,-11.8152,0.0,True,True
SONY INTERACTIVE ENTERTAINMENT|2023-05-28,"Sony Interactive Entertainment, LLC",SONY INTERACTIVE ENTERTAINMENT,2023-05-28,313838,-11.8152,0.0,True,True
SONY PICTURES ENTERTAINMENT|2014-11-24,Sony Pictures Entertainment Inc,SONY PICTURES ENTERTAINMENT,2014-11-24,313838,,0.0,False,False
SONY PICTURES ENTERTAINMENT|2014-11-24,"Sony Pictures Entertainment, Inc.",SONY PICTURES ENTERTAINMENT,2014-11-24,313838,,0.0,False,False
T MOBILE USA|2015-09-14,T-Mobile USA,T MOBILE USA,2015-09-14,1283699,0.1446,1.0,True,True
T MOBILE USA|2015-09-14,T-Mobile USA Inc.,T MOBILE USA,2015-09-14,1283699,0.1446,1.0,True,True
T MOBILE USA|2015-09-14,"T-Mobile USA, Inc.",T MOBILE USA,2015-09-14,1283699,0.1446,1.0,True,True
T MOBILE USA|2019-11-26,T-Mobile USA,T MOBILE USA,2019-11-26,1283699,-2.6967,1.0,True,True
T MOBILE USA|2019-11-26,T-Mobile USA Inc,T MOBILE USA,2019-11-26,1283699,-2.6967,1.0,True,True
T MOBILE USA|2021-08-17,T-Mobile USA,T MOBILE USA,2021-08-17,1283699,-7.238,1.0,True,True
T MOBILE USA|2021-08-17,"T-Mobile USA, Inc.",T MOBILE USA,2021-08-17,1283699,,,False,False
T MOBILE USA|2023-02-01,"T-Mobile USA, Inc.",T MOBILE USA,2023-02-01,1283699,-1.4896,1.0,True,True
T MOBILE USA|2023-02-01,"T-Mobile, USA",T MOBILE USA,2023-02-01,1283699,-1.4896,1.0,True,True
UBER TECHNOLOGIES|2016-10-01,Uber Technologies Inc.,UBER TECHNOLOGIES,2016-10-01,1543151,,0.0,False,False
UBER TECHNOLOGIES|2016-10-01,"Uber Technologies, Inc.",UBER TECHNOLOGIES,2016-10-01,1543151,,0.0,False,False
UBER TECHNOLOGIES|2023-01-23,Uber Technologies Inc,UBER TECHNOLOGIES,2023-01-23,1543151,12.2579,0.0,True,True
UBER TECHNOLOGIES|2023-01-23,"Uber Technologies, Inc.",UBER TECHNOLOGIES,2023-01-23,1543151,12.2579,0.0,True,True
VERIZON COMMUNICATIONS|2023-09-21,Verizon Communications,VERIZON COMMUNICATIONS,2023-09-21,732712,11.8399,0.0,True,True
VERIZON COMMUNICATIONS|2023-09-21,Verizon Communications Inc,VERIZON COMMUNICATIONS,2023-09-21,732712,11.8399,0.0,True,True
VERIZON COMMUNICATIONS|2023-09-21,Verizon Communications Inc.,VERIZON COMMUNICATIONS,2023-09-21,732712,11.8399,0.0,True,True
YAHOO|2013-08-01,Yahoo! Inc.,YAHOO,2013-08-01,1011006,3.5463,0.0,True,False
YAHOO|2013-08-01,"Yahoo, Inc.",YAHOO,2013-08-01,1011006,3.5463,0.0,True,False
YAHOO|2014-12-01,Yahoo,YAHOO,2014-12-01,1011006,-5.5411,0.0,True,False
YAHOO|2014-12-01,Yahoo! Inc.,YAHOO,2014-12-01,1011006,-5.5411,0.0,True,False
