cik,org_name,breach_date,actual_car,synthetic_car,treatment_effect,n_donors,max_weight,hhi_weights
732717,AT&T,2014-04-01,4.7323,-1.3355999508686434,6.067899950868644,523,0.9999999612821222,0.999999922564246
732717,AT&T,2017-01-25,-1.3269,-0.059205288604835565,-1.2676947113951644,523,0.00930956401328592,0.0026251132116098777
732717,AT&T,2013-11-05,-7.863,-0.1616969394553011,-7.701303060544699,523,0.05853526236249901,0.008650400861517877
732717,AT&T,2024-03-17,2.4048,-0.5798280903374569,2.9846280903374565,523,0.011615232095721987,0.0029429380596242855
732717,AT&T,2014-06-11,1.0352,-1.3355999508686434,2.3707999508686433,523,0.9999999612821222,0.999999922564246
732717,AT&T,2014-02-01,-5.2349,0.02766218534881612,-5.262562185348815,523,0.01835864609703335,0.003036233553297191
732717,AT&T,2008-05-23,-6.9862,-0.016468110581111195,-6.969731889418889,523,0.008680126283812956,0.0026405567563227454
732717,AT&T,2014-10-09,-3.7792,-0.16660360482692765,-3.6125963951730724,523,0.05130829599187851,0.007509345639790137
732717,AT&T,2013-01-01,-0.8353,-0.1920954706700454,-0.6432045293299546,523,0.007824829121929512,0.002282854948974034
732717,AT&T,2012-01-01,-6.7237,-0.20626630855861633,-6.517433691441384,523,0.005338006222476858,0.0021688021086695357
732717,AT&T,2022-06-01,4.8176,-0.18624697378418567,5.003846973784185,523,0.022339445358658713,0.003790589848011232
732717,AT&T Inc,2024-04-09,-0.3367,-0.4440032838887152,0.10730328388871518,523,0.014034454853598412,0.0029905723925869885
732717,AT&T Inc.,2024-03-17,2.4048,-0.5798280903374569,2.9846280903374565,523,0.011615232095721987,0.0029429380596242855
732717,AT&T Inc.,2024-03-26,2.1591,-0.5798280903374569,2.738928090337457,523,0.011615232095721987,0.0029429380596242855
732717,AT&T Inc.,2024-04-10,1.9726,-0.4440032838887152,2.416603283888715,523,0.014034454853598412,0.0029905723925869885
732717,AT&T Inc.,2024-04-14,2.4085,-0.4440032838887152,2.852503283888715,523,0.014034454853598412,0.0029905723925869885
732717,AT&T Services,2017-02-01,-3.1862,-0.059205288604835565,-3.1269947113951644,523,0.00930956401328592,0.0026251132116098777
732717,AT&T Services Inc.,2014-04-01,4.7323,-1.3355999508686434,6.067899950868644,523,0.9999999612821222,0.999999922564246
732717,"AT&T Services, Inc.",2022-08-30,-6.1771,-0.2552656400876118,-5.921834359912388,523,0.022965558947006845,0.0034694166763142784
732717,"AT&T Services, Inc.",2017-01-01,-7.6619,-0.059205288604835565,-7.602694711395165,523,0.00930956401328592,0.0026251132116098777
732717,"AT&T Services, Inc.",2014-06-05,1.6974,-1.3355999508686434,3.0329999508686436,523,0.9999999612821222,0.999999922564246
732717,"AT&T Services, Inc.",2017-01-25,-1.3269,-0.059205288604835565,-1.2676947113951644,523,0.00930956401328592,0.0026251132116098777
732717,"AT&T Services, Inc.",2023-03-01,3.6151,-0.2430113592553489,3.858111359255349,523,0.0037813736421001497,0.0020483379913421337
732717,"AT&T, Inc.",2019-01-01,-4.4923,-0.07992830558035385,-4.4123716944196465,523,0.013162363099585964,0.0028102099596181577
732717,ATT-Breach Notification,2014-08-05,-4.3326,0.2375999805263943,-4.570199980526395,523,0.9999999613502918,0.999999922700585
732717,ATT-Breach Notification,2014-10-16,-5.4932,-0.16660360482692765,-5.326596395173072,523,0.05130829599187851,0.007509345639790137
732717,ATT-SecurityBreach,2014-04-09,-1.3356,-1.3355999508686434,-4.9131356538723026e-08,523,0.9999999612821222,0.999999922564246
732717,ATT-SecurityBreach2,2013-10-01,1.1715,-0.1616969394553011,1.3331969394553012,523,0.05853526236249901,0.008650400861517877
1283699,Boost Mobile,2019-03-14,3.5514,0.012739115898521947,3.5386608841014784,523,0.013641422948783738,0.002930147183269777
1632127,"Cable One, Inc.",2019-08-08,0.0418,-0.0930597793778701,0.1348597793778701,523,0.05669669934779993,0.005639049148320265
1632127,"Cable One, Inc.",2019-03-01,2.9841,-0.037760522538464514,3.0218605225384647,523,0.009530260711616707,0.0024872974180370298
18926,CenturyLink Communications,2020-08-20,-12.3889,-0.14894852968453715,-12.239951470315463,523,0.01046802188410387,0.0026592244154451826
18926,Centurylink Communications,2022-03-15,-2.7318,-0.06952923417216353,-2.662270765827836,523,0.014578551997667147,0.002814943700878363
1091667,Charter Communication,2014-09-30,-7.9306,0.09905974190631259,-8.029659741906313,523,0.01095020805667311,0.002655261549514035
1091667,Charter Communications,2008-08-11,-13.1825,0.08576914177473136,-13.26826914177473,523,0.007095721809993892,0.002019562531310624
1091667,Charter Communications,2022-12-21,19.1859,-0.09943091224614317,19.285330912246142,523,0.01459038926059313,0.004237758571964908
1091667,"Charter Communications, Inc.",2023-09-01,7.5042,-0.20055714013282083,7.704757140132821,523,0.011426653790236265,0.00423545403832264
1091667,"Charter Communications, Inc.",2013-04-26,7.5148,-0.10434504297445801,7.619145042974458,523,0.01568376048899677,0.0026964868794094963
1091667,"Charter Communications, Inc.",2008-07-14,1.2061,0.08576914177473136,1.1203308582252687,523,0.007095721809993892,0.002019562531310624
1091667,"Charter Communications, Inc.",2014-01-21,-7.3331,-0.08941614165769848,-7.243683858342301,523,0.021882407060725296,0.003433687555901268
1091667,"Charter Communications, Inc.",2023-01-01,9.0761,-0.20787559225096627,9.283975592250966,523,0.012587093325237997,0.004296271852021553
1166691,Comcast,2014-09-29,-3.954,-0.2599703939330983,-3.694029606066902,523,0.02141473854007675,0.0032973519617682315
1166691,Comcast,2008-01-29,12.6734,0.10256551975154088,12.57083448024846,523,0.018610657185578392,0.002958396493135131
1166691,Comcast,2024-02-14,-2.723,-0.18718661902733247,-2.5358133809726673,523,0.06074444066750636,0.00938530412070458
1166691,Comcast,2023-10-16,-9.1027,-0.12097758572213962,-8.981722414277861,523,0.037862097219992945,0.0049575609112002565
1166691,Comcast Cable Communications LLC,2024-10-04,2.0194,-0.183950944508059,2.2033509445080592,523,0.023370090462014038,0.003723241640785843
1166691,Comcast Cable Communications LLC,2024-02-14,-2.723,-0.18718661902733247,-2.5358133809726673,523,0.06074444066750636,0.00938530412070458
1166691,Comcast Cable Communications LLC,2023-10-16,-9.1027,-0.12097758572213962,-8.981722414277861,523,0.037862097219992945,0.0049575609112002565
1166691,Comcast Cable Communications LLC,2024-01-26,-8.2549,-0.18718661902733247,-8.067713380972666,523,0.06074444066750636,0.00938530412070458
1166691,"Comcast Cable Communications, Inc.",2009-06-22,1.3985,0.46971425210600576,0.9287857478939943,523,0.01250809657486723,0.0033073841946723256
1166691,"Comcast Cable Communications, Inc.",2009-05-11,-9.5908,0.46971425210600576,-10.060514252106005,523,0.01250809657486723,0.0033073841946723256
732717,Cricket Wireless LLC,2018-08-21,0.7712,-0.058576565404949654,0.8297765654049496,523,0.01260883673482256,0.002775467261853704
732717,Cricket Wireless LLC,2018-08-17,-1.1855,-0.058576565404949654,-1.1269234345950503,523,0.01260883673482256,0.002775467261853704
1001082,DISH Network Corporation,2023-02-23,-39.3194,-0.034569102687890374,-39.28483089731211,523,0.010943896693428174,0.002820487325918087
1001082,DISH Network L.L.C.,2023-02-22,-40.6017,-0.034569102687890374,-40.56713089731211,523,0.010943896693428174,0.002820487325918087
1001082,"DISH Network, LLC",2023-05-17,-2.3845,-0.02443067212906458,-2.3600693278709355,523,0.013961340209761499,0.0027784283185712665
1001082,"DISH Network, LLC",2023-02-23,-39.3194,-0.034569102687890374,-39.28483089731211,523,0.010943896693428174,0.002820487325918087
1001082,"DISH Network, LLC",2023-02-22,-40.6017,-0.034569102687890374,-40.56713089731211,523,0.010943896693428174,0.002820487325918087
20520,Frontier Communications,2022-02-24,6.9442,-0.02039307231352172,6.964593072313522,523,0.0401632080922139,0.004290190321893345
20520,"Frontier Communications Parent, Inc.",2023-12-18,-2.7534,-0.08558050916321008,-2.66781949083679,523,0.006778716768100109,0.002332625253674024
20520,"Frontier Communications Parent, Inc.",2024-04-13,3.5229,-0.11374046426514717,3.636640464265147,523,0.009486060309991618,0.0024708354456855117
20520,"Frontier Communications Parent, Inc.",2024-04-14,3.9861,-0.11374046426514717,4.099840464265148,523,0.009486060309991618,0.0024708354456855117
20520,"Frontier Communications Parent, Inc.",2024-06-10,3.3666,-0.11374046426514717,3.480340464265147,523,0.009486060309991618,0.0024708354456855117
20520,"Frontier Communications Parent, Inc.",2024-06-12,8.1199,-0.11374046426514717,8.233640464265147,523,0.009486060309991618,0.0024708354456855117
1166691,NBC Sports Group,2012-08-24,2.96,-0.24612056592340487,3.206120565923405,523,0.012131499441307985,0.0025124172050606597
1166691,NBC Sports Group,2013-08-24,5.5701,-0.45590416175200643,6.026004161752007,523,0.0110143670690782,0.002870201468199583
1166691,NBC Sports Group,2013-10-15,2.58,-0.3856339744729582,2.9656339744729583,523,0.01397359404245687,0.002920149569247479
1166691,NBCUniversal,2022-01-04,1.9512,-0.050663088861764294,2.0018630888617643,523,0.012926888710739175,0.002793465076665526
1283699,Sprint,2019-06-02,-0.7493,0.17235233706435538,-0.9216523370643553,523,0.03114938927976486,0.003980419791131838
1283699,Sprint,2019-06-08,-2.2977,0.17235233706435538,-2.470052337064355,523,0.03114938927976486,0.003980419791131838
1283699,Sprint,2017-05-07,-5.1309,-0.5371999570217065,-4.593700042978293,523,0.9999999469688735,0.9999998939377498
1283699,Sprint,2019-06-22,1.8773,0.17235233706435538,1.7049476629356446,523,0.03114938927976486,0.003980419791131838
1283699,Sprint,2020-04-02,-1.4651,-0.2140193169021905,-1.2510806830978096,523,0.016758660000647005,0.0030601685123004593
1283699,Sprint,2020-04-15,3.3105,-0.2140193169021905,3.524519316902191,523,0.016758660000647005,0.0030601685123004593
1283699,Sprint Business,2019-06-08,-2.2977,0.17235233706435538,-2.470052337064355,523,0.03114938927976486,0.003980419791131838
1283699,Sprint Corporation,2019-03-14,-3.086,0.24111677185962305,-3.327116771859623,523,0.019572863061583425,0.003264455865612658
1283699,Sprint Corporation,2017-05-01,-7.1273,-0.5371999570217065,-6.590100042978293,523,0.9999999469688735,0.9999998939377498
1283699,Sprint Corporation,2015-08-17,6.8116,0.3583874384272594,6.453212561572741,523,0.01738641465100477,0.003126134115330082
1283699,Sprint Corporation,2018-03-02,0.8704,0.27003870843956773,0.6003612915604322,523,0.02736823290621177,0.0029683564952189137
1283699,Sprint Corporation,2019-08-13,0.3097,5.813499707180581,-5.503799707180581,523,0.9999999505350935,0.9999999010701894
1283699,Sprint Corporation,2019-05-09,2.2085,0.17235233706435538,2.0361476629356448,523,0.03114938927976486,0.003980419791131838
1283699,T-Mobile,2021-02-20,4.2088,-0.09449880570013089,4.303298805700131,523,0.07402413367020093,0.007949534461601609
1283699,T-Mobile,2013-11-01,-5.4603,0.16150187982945471,-5.621801879829455,523,0.01070417117522257,0.0026657689435075453
1283699,T-Mobile,2023-02-24,2.4228,-0.1645716103435724,2.5873716103435727,523,0.024027717281585797,0.0036565169289131715
1283699,T-Mobile,2022-11-25,1.7845,1.7844999317957235,6.820427644882443e-08,523,0.9999999664113689,0.9999999328227389
1283699,T-Mobile,2022-03-08,2.3183,-0.2572170620359159,2.5755170620359156,523,0.02333772087120687,0.0033352517116099355
1283699,T-Mobile,2020-08-31,3.4673,-0.33815237237950785,3.8054523723795075,523,0.01681829333112053,0.0027794451600368095
1283699,T-Mobile,2021-03-31,7.8036,-0.09449880570013089,7.898098805700132,523,0.07402413367020093,0.007949534461601609
1283699,T-Mobile,2021-01-18,-7.7084,-0.09449880570013089,-7.613901194299869,523,0.07402413367020093,0.007949534461601609
1283699,"T-Mobile US, Inc.",2020-08-27,-0.1464,-0.33815237237950785,0.19175237237950785,523,0.01681829333112053,0.0027794451600368095
1283699,"T-Mobile US, Inc.",2021-01-18,-7.7084,-0.09449880570013089,-7.613901194299869,523,0.07402413367020093,0.007949534461601609
1283699,T-Mobile USA,2019-11-26,-2.6967,-0.0650141758148772,-2.631685824185123,523,0.031187310507813,0.0037956693126858557
1283699,T-Mobile USA,2023-04-28,-18.131,-0.18006086957563086,-17.95093913042437,523,0.030712916872750465,0.004380672127612429
1283699,T-Mobile USA,2021-08-17,-7.238,-0.13368683164998885,-7.104313168350012,523,0.035151707690195426,0.0039016435667719165
1283699,T-Mobile USA,2021-08-26,-12.2246,-0.13368683164998885,-12.090913168350012,523,0.035151707690195426,0.0039016435667719165
1283699,T-Mobile USA,2015-09-14,0.1446,0.3583874384272594,-0.2137874384272594,523,0.01738641465100477,0.003126134115330082
1283699,T-Mobile USA Inc,2015-11-04,5.9601,0.36823045395734133,5.591869546042658,523,0.01376827385557498,0.0030628038171890085
1283699,T-Mobile USA Inc,2019-11-26,-2.6967,-0.0650141758148772,-2.631685824185123,523,0.031187310507813,0.0037956693126858557
1283699,T-Mobile USA Inc.,2018-08-20,3.924,0.36925870264723376,3.5547412973527663,523,0.013067651899187302,0.0030753226004983404
1283699,T-Mobile USA Inc.,2015-09-14,0.1446,0.3583874384272594,-0.2137874384272594,523,0.01738641465100477,0.003126134115330082
1283699,T-Mobile USA Inc.,2015-10-01,-9.7058,0.36823045395734133,-10.074030453957342,523,0.01376827385557498,0.0030628038171890085
1283699,"T-Mobile USA, Inc.",2017-08-24,-7.0612,0.23826554189143798,-7.299465541891438,523,0.022052717072242017,0.0032215463686389974
1283699,"T-Mobile USA, Inc.",2015-09-14,0.1446,0.3583874384272594,-0.2137874384272594,523,0.01738641465100477,0.003126134115330082
1283699,"T-Mobile USA, Inc.",2021-02-12,0.36,-0.09449880570013089,0.4544988057001309,523,0.07402413367020093,0.007949534461601609
1283699,"T-Mobile USA, Inc.",2017-09-16,-0.1198,0.23826554189143798,-0.35806554189143797,523,0.022052717072242017,0.0032215463686389974
1283699,"T-Mobile USA, Inc.",2013-11-26,21.8845,0.16150187982945471,21.722998120170544,523,0.01070417117522257,0.0026657689435075453
1283699,"T-Mobile USA, Inc.",2015-09-15,-5.8577,0.3583874384272594,-6.21608743842726,523,0.01738641465100477,0.003126134115330082
1283699,"T-Mobile USA, Inc.",2023-02-01,-1.4896,-0.1645716103435724,-1.3250283896564277,523,0.024027717281585797,0.0036565169289131715
1283699,"T-Mobile USA, Inc.",2014-01-02,-6.4981,0.3800800474184777,-6.8781800474184775,523,0.008711213261266483,0.003056353243409232
1283699,"T-Mobile USA, Inc.",2021-08-13,-12.2988,-0.13368683164998885,-12.165113168350011,523,0.035151707690195426,0.0039016435667719165
1283699,"T-Mobile USA, Inc.",2021-03-01,2.1371,-0.09449880570013089,2.231598805700131,523,0.07402413367020093,0.007949534461601609
1283699,"T-Mobile, USA",2023-02-01,-1.4896,-0.1645716103435724,-1.3250283896564277,523,0.024027717281585797,0.0036565169289131715
732712,Verizon,2023-05-11,-8.181,-0.18452060288279323,-7.996479397117206,523,0.020935572464636537,0.0032282417449389263
732712,Verizon,2016-08-10,-2.8656,0.19795676205670115,-3.0635567620567015,523,0.07059721553703414,0.008628312365677456
732712,Verizon,2017-07-20,10.237,0.04289565048029417,10.194104349519707,523,0.01645848865658988,0.0028037914628307238
732712,Verizon,2019-06-03,-1.6664,0.02241111100405066,-1.6888111110040507,523,0.012146616338819064,0.002872905090123507
732712,Verizon,2014-02-26,3.4982,-0.2112461736155105,3.7094461736155107,523,0.0352159559274876,0.003991851050836811
732712,Verizon,2008-06-27,3.7943,-0.14289805128478633,3.937198051284786,523,0.0072062454930911105,0.00245447623876892
732712,Verizon,2019-04-24,3.851,0.02241111100405066,3.828588888995949,523,0.012146616338819064,0.002872905090123507
732712,Verizon Communications,2023-09-21,11.8399,-0.24325070322728304,12.083150703227282,523,0.01540401961479604,0.003098951482901062
732712,Verizon Communications Inc,2023-09-21,11.8399,-0.24325070322728304,12.083150703227282,523,0.01540401961479604,0.003098951482901062
732712,Verizon Communications Inc.,2023-09-21,11.8399,-0.24325070322728304,12.083150703227282,523,0.01540401961479604,0.003098951482901062
732712,Verizon Communications Inc.,2024-02-09,-2.1243,-0.30245751562284207,-1.8218424843771577,523,0.0079059984929877,0.0024865323212652796
732712,Verizon Communications Inc.,2024-02-06,-8.9702,-0.30245751562284207,-8.667742484377158,523,0.0079059984929877,0.0024865323212652796
732712,Verizon Corporate Services Group Inc.,2014-01-20,-4.4631,-0.2112461736155105,-4.251853826384489,523,0.0352159559274876,0.003991851050836811
